{"song":{"player1":"bfminecraft","gfVersion":"gf-christmas","notes":[{"lengthInSteps":16,"typeOfSection":0,"sectionNotes":[],"altAnim":false,"bpm":280,"changeBPM":false,"mustHitSection":false},{"lengthInSteps":16,"typeOfSection":0,"sectionNotes":[],"altAnim":false,"bpm":280,"changeBPM":false,"mustHitSection":false},{"lengthInSteps":16,"typeOfSection":0,"sectionNotes":[],"altAnim":false,"bpm":280,"changeBPM":false,"mustHitSection":true},{"lengthInSteps":16,"typeOfSection":0,"sectionNotes":[],"altAnim":false,"bpm":280,"changeBPM":false,"mustHitSection":true},{"lengthInSteps":16,"typeOfSection":0,"sectionNotes":[],"altAnim":false,"bpm":280,"changeBPM":false,"mustHitSection":false},{"lengthInSteps":16,"typeOfSection":0,"sectionNotes":[],"altAnim":false,"bpm":280,"changeBPM":false,"mustHitSection":false},{"lengthInSteps":16,"typeOfSection":0,"sectionNotes":[],"altAnim":false,"bpm":280,"changeBPM":false,"mustHitSection":true},{"lengthInSteps":16,"typeOfSection":0,"sectionNotes":[],"altAnim":false,"bpm":280,"changeBPM":false,"mustHitSection":true},{"lengthInSteps":16,"typeOfSection":0,"sectionNotes":[[12000,2,0,0],[12375,1,0,0],[12750,2,0,0],[12937.5,1,0,0],[13125,3,0,0]],"altAnim":null,"bpm":280,"changeBPM":false,"mustHitSection":false},{"lengthInSteps":16,"typeOfSection":0,"sectionNotes":[[13500,2,0,0],[13687.5,3,0,0],[13875,2,0,0],[14062.5,1,0,0],[14250,2,0,0],[14437.5,1,0,0],[14625,0,0,0]],"altAnim":null,"bpm":280,"changeBPM":false,"mustHitSection":false},{"lengthInSteps":16,"typeOfSection":0,"sectionNotes":[[15000,2,0,0],[15187.5,3,0,0],[15375,2,0,0],[15562.5,3,0,0],[15750,1,0,0],[15937.5,2,0,0],[16125,0,0,0],[16312.5,1,0,0]],"altAnim":null,"bpm":280,"changeBPM":false,"mustHitSection":false},{"lengthInSteps":16,"typeOfSection":0,"sectionNotes":[[16500,2,0,0],[16875,1,0,0],[17250,2,0,0],[17437.5,1,0,0],[17625,0,0,0]],"altAnim":null,"bpm":280,"changeBPM":false,"mustHitSection":false},{"lengthInSteps":16,"typeOfSection":0,"sectionNotes":[[18000,2,0],[18375,1,0],[18750,2,0],[18937.5,1,0],[19125,3,0]],"altAnim":null,"bpm":280,"changeBPM":false,"mustHitSection":true},{"lengthInSteps":16,"typeOfSection":0,"sectionNotes":[[19500,2,0],[19687.5,3,0],[19875,2,0],[20062.5,1,0],[20250,2,0],[20437.5,1,0],[20625,0,0]],"altAnim":null,"bpm":280,"changeBPM":false,"mustHitSection":true},{"lengthInSteps":16,"typeOfSection":0,"sectionNotes":[[21000,2,0],[21187.5,3,0],[21375,2,0],[21562.5,3,0],[21750,1,0],[21937.5,2,0],[22125,0,0],[22312.5,1,0]],"altAnim":null,"bpm":280,"changeBPM":false,"mustHitSection":true},{"lengthInSteps":16,"typeOfSection":0,"sectionNotes":[[22500,2,0],[22875,1,0],[23250,2,0],[23437.5,1,0],[23625,0,0]],"altAnim":null,"bpm":280,"changeBPM":false,"mustHitSection":true},{"lengthInSteps":16,"typeOfSection":0,"sectionNotes":[[24000,2,0,0],[24187.5,1,0,0],[24375,3,0,0],[24562.5,0,0,0],[24750,2,0,0],[24937.5,1,0,0],[25125,3,0,0],[25312.5,0,0,0]],"altAnim":null,"bpm":280,"changeBPM":false,"mustHitSection":false},{"lengthInSteps":16,"typeOfSection":0,"sectionNotes":[[25500,2,0,0],[25687.5,0,0,0],[25875,2,0,0],[26062.5,1,0,0],[26250,3,0,0],[26437.5,1,0,0],[26625,3,0,0],[26812.5,0,0,0]],"altAnim":null,"bpm":280,"changeBPM":false,"mustHitSection":false},{"lengthInSteps":16,"typeOfSection":0,"sectionNotes":[[27000,2,0,0],[27187.5,0,0,0],[27375,2,0,0],[27562.5,0,0,0],[27750,1,0,0],[27937.5,3,0,0],[28125,1,0,0],[28312.5,0,0,0]],"altAnim":null,"bpm":280,"changeBPM":false,"mustHitSection":false},{"lengthInSteps":16,"typeOfSection":0,"sectionNotes":[[28500,2,0,0],[28875,1,0,0],[29250,3,0,0],[29437.5,1,0,0],[29625,0,0,0]],"altAnim":null,"bpm":280,"changeBPM":false,"mustHitSection":false},{"lengthInSteps":16,"typeOfSection":0,"sectionNotes":[[30000,2,0],[30187.5,1,0],[30375,3,0],[30562.5,0,0],[30750,2,0],[30937.5,1,0],[31125,3,0],[31312.5,0,0]],"altAnim":null,"bpm":280,"changeBPM":false,"mustHitSection":true},{"lengthInSteps":16,"typeOfSection":0,"sectionNotes":[[31500,2,0],[31687.5,0,0],[31875,2,0],[32062.5,1,0],[32250,3,0],[32437.5,1,0],[32625,3,0],[32812.5,0,0]],"altAnim":null,"bpm":280,"changeBPM":false,"mustHitSection":true},{"lengthInSteps":16,"typeOfSection":0,"sectionNotes":[[33000,2,0],[33187.5,0,0],[33375,2,0],[33562.5,0,0],[33750,1,0],[33937.5,3,0],[34125,1,0],[34312.5,0,0]],"altAnim":null,"bpm":280,"changeBPM":false,"mustHitSection":true},{"lengthInSteps":16,"typeOfSection":0,"sectionNotes":[[34500,2,0],[34875,1,0],[35250,3,0],[35437.5,1,0],[35625,0,0]],"altAnim":null,"bpm":280,"changeBPM":false,"mustHitSection":true},{"lengthInSteps":16,"typeOfSection":0,"sectionNotes":[[36000,2,0,0],[36187.5,1,0,0],[36281.25,3,0,0],[36375,0,0,0],[36562.5,2,0,0],[36750,3,0,0],[36843.75,1,0,0],[36937.5,2,0,0],[37031.25,1,0,0],[37125,0,0,0],[37312.5,1,0,0]],"altAnim":null,"bpm":280,"changeBPM":false,"mustHitSection":false},{"lengthInSteps":16,"typeOfSection":0,"sectionNotes":[[37500,2,0,0],[37593.75,1,0,0],[37687.5,3,0,0],[37781.25,1,0,0],[37875,2,0,0],[37968.75,1,0,0],[38062.5,3,0,0],[38250,2,0,0],[38437.5,1,0,0],[38625,0,0,0],[38718.75,2,0,0],[38812.5,1,0,0]],"altAnim":null,"bpm":280,"changeBPM":false,"mustHitSection":false},{"lengthInSteps":16,"typeOfSection":0,"sectionNotes":[[39000,2,0,0],[39093.75,1,0,0],[39187.5,3,0,0],[39281.25,2,0,0],[39375,1,0,0],[39468.75,3,0,0],[39750,0,0,0],[39843.75,3,0,0],[39937.5,2,0,0],[40125,1,0,0],[40312.5,3,0,0],[39562.5,1,0,0],[39656.25,2,0,0]],"altAnim":null,"bpm":280,"changeBPM":false,"mustHitSection":false},{"lengthInSteps":16,"typeOfSection":0,"sectionNotes":[[40500,2,0,0],[40687.5,3,0,0],[40875,1,0,0],[41062.5,3,0,0],[41250,2,0,0],[41437.5,1,0,0],[41625,0,0,0],[41812.5,1,0,0]],"altAnim":null,"bpm":280,"changeBPM":false,"mustHitSection":false},{"lengthInSteps":16,"typeOfSection":0,"sectionNotes":[[42000,2,0],[42187.5,1,0],[42281.25,3,0],[42375,0,0],[42562.5,2,0],[42750,3,0],[42843.75,1,0],[42937.5,2,0],[43031.25,1,0],[43125,0,0],[43312.5,1,0]],"altAnim":null,"bpm":280,"changeBPM":false,"mustHitSection":true},{"lengthInSteps":16,"typeOfSection":0,"sectionNotes":[[43500,2,0],[43593.75,1,0],[43687.5,3,0],[43781.25,1,0],[43875,2,0],[43968.75,1,0],[44062.5,3,0],[44250,2,0],[44437.5,1,0],[44625,0,0],[44718.75,2,0],[44812.5,1,0]],"altAnim":null,"bpm":280,"changeBPM":false,"mustHitSection":true},{"lengthInSteps":16,"typeOfSection":0,"sectionNotes":[[45000,2,0],[45093.75,1,0],[45187.5,3,0],[45281.25,2,0],[45375,1,0],[45468.75,3,0],[45750,0,0],[45843.75,3,0],[45937.5,2,0],[46125,1,0],[46312.5,3,0],[45562.5,1,0],[45656.25,2,0]],"altAnim":null,"bpm":280,"changeBPM":false,"mustHitSection":true},{"lengthInSteps":16,"typeOfSection":0,"sectionNotes":[[46500,2,0],[46687.5,3,0],[46875,1,0],[47062.5,3,0],[47250,2,0],[47437.5,1,0],[47625,0,0],[47812.5,1,0]],"altAnim":null,"bpm":280,"changeBPM":false,"mustHitSection":true},{"lengthInSteps":16,"typeOfSection":0,"sectionNotes":[[48375,0,281.25,0],[48750,1,281.25,0],[48000,2,281.25,0],[49125,3,281.25,0]],"altAnim":null,"bpm":280,"changeBPM":false,"mustHitSection":false},{"lengthInSteps":16,"typeOfSection":0,"sectionNotes":[[49500,2,0,0],[49687.5,0,0,0],[49875,3,140.625,0],[50250,3,140.625,0]],"altAnim":null,"bpm":280,"changeBPM":false,"mustHitSection":false},{"lengthInSteps":16,"typeOfSection":0,"sectionNotes":[[51000,2,0,0],[51187.5,1,0,0],[51375,2,0,0],[51562.5,1,0,0],[51750,3,0,0],[51937.5,2,0,0],[52125,1,0,0],[52312.5,2,0,0]],"altAnim":null,"bpm":280,"changeBPM":false,"mustHitSection":false},{"lengthInSteps":16,"typeOfSection":0,"sectionNotes":[[52500,0,0,0],[52687.5,3,0,0],[52875,2,281.25,0],[53250,3,468.75,0],[53812.5,1,0,0]],"altAnim":null,"bpm":280,"changeBPM":false,"mustHitSection":false},{"lengthInSteps":16,"typeOfSection":0,"sectionNotes":[[54375,0,281.25],[54750,1,281.25],[54000,2,281.25],[55125,3,281.25]],"altAnim":null,"bpm":280,"changeBPM":false,"mustHitSection":true},{"lengthInSteps":16,"typeOfSection":0,"sectionNotes":[[55500,2,0],[55687.5,0,0],[55875,3,140.625],[56250,3,140.625]],"altAnim":null,"bpm":280,"changeBPM":false,"mustHitSection":true},{"lengthInSteps":16,"typeOfSection":0,"sectionNotes":[[57000,2,0],[57187.5,1,0],[57375,2,0],[57562.5,1,0],[57750,3,0],[57937.5,2,0],[58125,1,0],[58312.5,2,0]],"altAnim":null,"bpm":280,"changeBPM":false,"mustHitSection":true},{"lengthInSteps":16,"typeOfSection":0,"sectionNotes":[[58500,0,0],[58687.5,3,0],[58875,2,281.25],[59250,3,281.25,0],[59625,1,281.25,0]],"altAnim":null,"bpm":280,"changeBPM":false,"mustHitSection":true},{"lengthInSteps":16,"typeOfSection":0,"sectionNotes":[[60000,2,0,0],[60187.5,1,0,0],[60281.25,0,0,0],[60375,3,0,0],[60562.5,2,0,0],[60656.25,1,0,0],[60750,0,0,0],[61031.25,2,0,0],[60937.5,1,0,0],[61125,0,0,0],[61312.5,0,0,0]],"altAnim":null,"bpm":280,"changeBPM":false,"mustHitSection":false},{"lengthInSteps":16,"typeOfSection":0,"sectionNotes":[[61500,1,0,0],[61593.75,3,0,0],[61687.5,2,0,0],[61875,0,0,0],[62062.5,1,0,0],[62437.5,1,0,0],[62531.25,2,0,0],[62625,0,234.375,0],[62343.75,0,0,0],[62250,2,0,0]],"altAnim":null,"bpm":280,"changeBPM":false,"mustHitSection":false},{"lengthInSteps":16,"typeOfSection":0,"sectionNotes":[[63000,2,0],[63187.5,1,0],[63281.25,0,0],[63375,3,0],[63562.5,2,0],[63656.25,1,0],[63750,0,0],[64031.25,2,0],[63937.5,1,0],[64125,0,0],[64312.5,3,0,0]],"altAnim":null,"bpm":280,"changeBPM":false,"mustHitSection":false},{"lengthInSteps":16,"typeOfSection":0,"sectionNotes":[[64500,1,0],[64593.75,3,0],[64687.5,2,0],[64875,0,0],[65062.5,1,0],[65250,2,0],[65437.5,1,0],[65531.25,2,0],[65343.75,0,0],[65625,3,234.375,0]],"altAnim":null,"bpm":280,"changeBPM":false,"mustHitSection":false},{"lengthInSteps":16,"typeOfSection":0,"sectionNotes":[[66000,2,0],[66187.5,1,0],[66281.25,0,0],[66375,3,0],[66562.5,2,0],[66656.25,1,0],[66750,0,0],[67031.25,2,0],[66937.5,1,0],[67125,0,0],[67312.5,0,0]],"altAnim":null,"bpm":280,"changeBPM":false,"mustHitSection":true},{"lengthInSteps":16,"typeOfSection":0,"sectionNotes":[[67500,1,0],[67593.75,3,0],[67687.5,2,0],[67875,0,0],[68062.5,1,0],[68250,2,0],[68437.5,1,0],[68531.25,2,0],[68625,0,234.375],[68343.75,0,0]],"altAnim":null,"bpm":280,"changeBPM":false,"mustHitSection":true},{"lengthInSteps":16,"typeOfSection":0,"sectionNotes":[[69000,2,0],[69187.5,1,0],[69281.25,0,0],[69375,3,0],[69562.5,2,0],[69656.25,1,0],[69750,0,0],[70031.25,2,0],[69937.5,1,0],[70125,0,0],[70312.5,3,0]],"altAnim":null,"bpm":280,"changeBPM":false,"mustHitSection":true},{"lengthInSteps":16,"typeOfSection":0,"sectionNotes":[[70500,1,0],[70593.75,3,0],[70687.5,2,0],[70875,0,0],[71062.5,1,0],[71250,2,0],[71437.5,1,0],[71531.25,2,0],[71343.75,0,0],[71625,3,234.375]],"altAnim":null,"bpm":280,"changeBPM":false,"mustHitSection":true},{"lengthInSteps":16,"typeOfSection":0,"sectionNotes":[[72000,2,0],[72187.5,1,0],[72281.25,0,0],[72375,3,0],[72562.5,2,0],[72656.25,1,0],[72750,0,0],[73031.25,2,0],[72937.5,1,0],[73125,0,0],[73312.5,0,0],[72093.75,3,0,0],[72468.75,1,0,0],[73406.25,1,0,0],[72187.5,5,0,0],[72375,7,0,0],[72750,4,0,0],[73125,6,0,0],[73312.5,7,0,0]],"altAnim":null,"bpm":280,"changeBPM":false,"mustHitSection":false},{"lengthInSteps":16,"typeOfSection":0,"sectionNotes":[[73500,2,0,0],[73593.75,3,0,0],[73687.5,2,0,0],[73781.25,1,0,0],[73875,2,0,0],[73968.75,3,0,0],[74062.5,0,0,0],[74250,2,0,0],[74343.75,1,0,0],[74437.5,3,0,0],[74531.25,0,0,0],[74625,3,234.375,0],[73687.5,5,0,0],[73875,7,0,0],[74062.5,4,0,0],[74250,5,0,0],[74437.5,7,0,0],[74625,5,0,0]],"altAnim":null,"bpm":280,"changeBPM":false,"mustHitSection":false},{"lengthInSteps":16,"typeOfSection":0,"sectionNotes":[[75000,2,0,0],[75093.75,1,0,0],[75187.5,2,0,0],[75281.25,3,0,0],[75375,2,0,0],[75468.75,3,0,0],[75562.5,2,0,0],[75656.25,0,0,0],[75750,2,0,0],[75937.5,3,0,0],[76031.25,2,0,0],[76125,0,0,0],[76312.5,3,0,0],[76406.25,1,0,0],[75187.5,6,0,0],[75375,7,0,0],[75750,4,0,0],[76125,5,0,0],[76312.5,7,0,0]],"altAnim":null,"bpm":280,"changeBPM":false,"mustHitSection":false},{"lengthInSteps":16,"typeOfSection":0,"sectionNotes":[[76500,2,0,0],[76593.75,0,0,0],[76687.5,2,0,0],[76781.25,3,0,0],[76875,1,0,0],[76968.75,2,0,0],[77062.5,3,0,0],[77250,2,0,0],[77343.75,1,0,0],[77437.5,3,0,0],[77531.25,2,0,0],[77625,0,234.375,0],[76687.5,6,0,0],[76875,7,0,0],[77062.5,4,0,0],[77250,5,0,0],[77437.5,7,0,0],[77625,5,0,0]],"altAnim":null,"bpm":280,"changeBPM":false,"mustHitSection":false},{"lengthInSteps":16,"typeOfSection":0,"sectionNotes":[[78000,2,0],[78187.5,1,0],[78281.25,0,0],[78375,3,0],[78562.5,2,0],[78656.25,1,0],[78750,0,0],[79031.25,2,0],[78937.5,1,0],[79125,0,0],[79312.5,0,0],[78093.75,3,0],[78468.75,1,0],[79406.25,1,0],[78187.5,5,0],[78375,7,0],[78750,4,0],[79125,6,0],[79312.5,7,0]],"altAnim":null,"bpm":280,"changeBPM":false,"mustHitSection":true},{"lengthInSteps":16,"typeOfSection":0,"sectionNotes":[[79500,2,0],[79593.75,3,0],[79687.5,2,0],[79781.25,1,0],[79875,2,0],[79968.75,3,0],[80062.5,0,0],[80250,2,0],[80343.75,1,0],[80437.5,3,0],[80531.25,0,0],[80625,3,234.375],[79687.5,5,0],[79875,7,0],[80062.5,4,0],[80250,5,0],[80437.5,7,0],[80625,5,0]],"altAnim":null,"bpm":280,"changeBPM":false,"mustHitSection":true},{"lengthInSteps":16,"typeOfSection":0,"sectionNotes":[[81000,2,0],[81093.75,1,0],[81187.5,2,0],[81281.25,3,0],[81375,2,0],[81468.75,3,0],[81562.5,2,0],[81656.25,0,0],[81750,2,0],[81937.5,3,0],[82031.25,2,0],[82125,0,0],[82312.5,3,0],[82406.25,1,0],[81187.5,6,0],[81375,7,0],[81750,4,0],[82125,5,0],[82312.5,7,0]],"altAnim":null,"bpm":280,"changeBPM":false,"mustHitSection":true},{"lengthInSteps":16,"typeOfSection":0,"sectionNotes":[[82500,2,0],[82593.75,0,0],[82687.5,2,0],[82781.25,3,0],[82875,1,0],[82968.75,2,0],[83062.5,3,0],[83250,2,0],[83343.75,1,0],[83437.5,3,0],[83531.25,2,0],[83625,0,234.375],[82687.5,6,0],[82875,7,0],[83062.5,4,0],[83250,5,0],[83437.5,7,0],[83625,5,0]],"altAnim":null,"bpm":280,"changeBPM":false,"mustHitSection":true},{"lengthInSteps":16,"typeOfSection":0,"sectionNotes":[[84000,6,0],[84187,5,0],[84281,4,0],[84375,7,0],[84562,6,0],[84656,5,0],[84937,6,0],[84750,7,0],[85031,5,0],[85125,4,0],[85312,5,0],[85406,6,0],[84000,2,0],[84187.5,0,0],[84281.25,1,0],[84375,3,0],[84562.5,2,0],[84656.25,0,0],[84750,1,0],[84937.5,2,0],[85031.25,0,0],[85125,3,0],[85312.5,3,0]],"altAnim":null,"bpm":280,"changeBPM":false,"mustHitSection":true},{"lengthInSteps":16,"typeOfSection":0,"sectionNotes":[[85500,5,0,0],[85687,7,0,0],[85593,6,0,0],[85875,5,0,0],[86062,4,0,0],[86156,5,0,0],[86343,5,0,0],[86250,7,0,0],[86437,6,0,0],[86812,5,0,0],[86531,4,187,0],[85500,0,0],[85593.75,1,0],[85687.5,3,0],[85875,2,0],[86062.5,1,0],[86250,0,0],[86343.75,3,0],[86437.5,1,0],[86531.25,2,0],[86625,0,187.5]],"altAnim":null,"bpm":280,"changeBPM":false,"mustHitSection":true},{"lengthInSteps":16,"typeOfSection":0,"sectionNotes":[[87000,6,0],[87187,5,0],[87281,4,0],[87375,7,0],[87562,6,0],[87656,5,0],[87937,6,0],[87750,7,0],[88031,5,0],[88125,4,0],[88312,5,0],[88406,6,0],[87000,2,0],[87187.5,0,0],[87281.25,1,0],[87375,3,0],[87562.5,2,0],[87656.25,0,0],[87750,1,0],[87937.5,2,0],[88031.25,0,0],[88125,3,0],[88312.5,2,0]],"altAnim":null,"bpm":280,"changeBPM":false,"mustHitSection":true},{"lengthInSteps":16,"typeOfSection":0,"sectionNotes":[[88500,5,0],[88593,6,0],[89062,4,0],[89156,5,0],[89343,5,0],[89250,7,0],[88687,7,0,0],[88968,6,0,0],[88875,4,0,0],[89625,4,93,0],[89437,6,0,0],[89812,5,93,0],[88500,0,0],[88593.75,1,0],[88687.5,3,0],[88875,2,0],[89062.5,1,0],[89250,0,0],[89343.75,3,0],[89437.5,1,0],[89531.25,2,0],[89625,0,187.5]],"altAnim":null,"bpm":280,"changeBPM":false,"mustHitSection":true},{"lengthInSteps":16,"typeOfSection":0,"sectionNotes":[[90000,2,0,0],[90187,0,0,0],[90656,0,0,0],[90750,1,0,0],[90937,2,0,0],[91125,3,0,0],[91312,3,0,0],[91031,0,0,0],[90562,2,0,0],[90375,3,0,0],[90281,1,0,0],[90000,6,0,0],[90187.5,4,0,0],[90281.25,5,0,0],[90375,7,0,0],[90562.5,6,0,0],[90656.25,5,0,0],[90750,7,0,0],[90937.5,7,0,0],[91031.25,5,0,0],[91125,4,0,0],[91312.5,5,0,0],[91406.25,6,0,0]],"altAnim":null,"bpm":280,"changeBPM":false,"mustHitSection":false},{"lengthInSteps":16,"typeOfSection":0,"sectionNotes":[[91593.75,1,0,0],[91687.5,3,0,0],[92343.75,3,0,0],[92531.25,2,0,0],[92625,0,187.5,0],[92437.5,1,0,0],[92250,0,0,0],[92062.5,1,0,0],[91875,2,0,0],[91500,0,0,0],[91500,7,0,0],[91593.75,4,0,0],[91687.5,7,0,0],[91875,6,0,0],[92062.5,5,0,0],[92250,4,0,0],[92343.75,5,0,0],[92437.5,7,0,0],[92531.25,6,0,0],[92625,4,0,0],[92812.5,5,0,0]],"altAnim":null,"bpm":280,"changeBPM":false,"mustHitSection":false},{"lengthInSteps":16,"typeOfSection":0,"sectionNotes":[[93000,2,0],[93187,0,0],[93281,1,0],[93562,2,0],[93656,0,0],[93750,1,0],[93937,2,0],[94031,0,0],[94125,3,0],[94312,2,0,0],[93000,5,0,0],[93187.5,6,0,0],[93375,3,0,0],[93281.25,7,0,0],[93375,5,0,0],[93562.5,4,0,0],[93656.25,5,0,0],[93750,6,0,0],[93937.5,7,0,0],[94031.25,6,0,0],[94125,7,0,0],[94312.5,6,0,0],[94406.25,5,0,0]],"altAnim":null,"bpm":280,"changeBPM":false,"mustHitSection":false},{"lengthInSteps":16,"typeOfSection":0,"sectionNotes":[[94500,0,0],[94593.75,1,0],[94687.5,3,0],[94875,2,0],[95062.5,1,0],[95250,0,0],[95343.75,3,0],[95437.5,1,0],[95531.25,2,0],[95625,0,187.5],[94500,6,0,0],[94593.75,4,0,0],[94687.5,5,0,0],[94875,6,0,0],[94968.75,4,0,0],[95062.5,6,0,0],[95250,7,0,0],[95156.25,5,0,0],[95343.75,6,0,0],[95437.5,5,0,0],[95625,7,0,0],[95812.5,6,0,0]],"altAnim":null,"bpm":280,"changeBPM":false,"mustHitSection":false},{"lengthInSteps":16,"typeOfSection":0,"sectionNotes":[[96000,5,0,0],[96093,4,0,0],[96375,7,0,0],[96187,7,0,0],[96281,5,0,0],[96468,4,0,0],[96562,6,0,0],[96656,5,0,0],[96750,6,0,0],[96937,7,0,0],[97031,4,0,0],[97125,5,0,0],[97218,6,0,0],[97312,4,0,0],[97406,7,0,0],[96000,2,0,0],[96093,0,0,0],[96187,3,0,0],[96281,1,0,0],[96375,2,0,0],[96468,1,0,0],[96562,3,0,0],[96656,0,0,0],[96937,0,0,0],[97031,3,0,0],[97125,1,0,0],[97312,3,0,0],[97406,2,0,0]],"altAnim":null,"bpm":280,"changeBPM":false,"mustHitSection":true},{"lengthInSteps":16,"typeOfSection":0,"sectionNotes":[[97593.75,0,0,0],[97687.5,2,0,0],[97500,1,0,0],[97875,3,0,0],[97781.25,1,0,0],[97968.75,1,0,0],[98062.5,0,0,0],[98250,3,0,0],[98343.75,1,0,0],[98437.5,2,0,0],[98531.25,0,0,0],[97500,6,0,0],[97593.75,4,0,0],[97687.5,7,0,0],[97875,5,0,0],[98062.5,7,0,0],[98156.25,4,0,0],[98250,5,0,0],[98343.75,6,0,0],[98437.5,4,0,0],[98625,3,281.25,0],[98531.25,5,0,0],[98625,7,0,0],[98812.5,7,0,0],[98906.25,5,0,0]],"altAnim":null,"bpm":280,"changeBPM":false,"mustHitSection":true},{"lengthInSteps":16,"typeOfSection":0,"sectionNotes":[[99093,7,0,0],[99000,6,0,0],[99187,4,0,0],[99281,5,0,0],[99375,7,0,0],[99562,6,0,0],[99656,4,0,0],[99750,5,0,0],[100031,7,0,0],[100125,4,0,0],[100312,6,0,0],[100406,4,0,0],[99000,2,0,0],[99187,0,0,0],[99281,3,0,0],[99375,2,0,0],[99562,1,0,0],[99656,0,0,0],[99750,3,0,0],[99843,6,0,0],[99937,0,0,0],[100031,1,0,0],[100125,2,0,0],[100312,3,0,0]],"altAnim":null,"bpm":280,"changeBPM":false,"mustHitSection":true},{"lengthInSteps":16,"typeOfSection":0,"sectionNotes":[[100500,6,0,0],[100593,7,0,0],[100687,4,0,0],[100875,4,0,0],[100968,5,0,0],[101062,7,0,0],[101156,4,0,0],[101250,6,0,0],[101343,5,0,0],[101437,4,0,0],[101531,5,0,0],[101625,7,0,0],[101812,5,0,0],[100500,2,0,0],[100593,1,0,0],[100687,0,0,0],[100781,6,0,0],[100875,3,0,0],[101062,1,0,0],[101250,3,0,0],[101343,1,0,0],[101437,2,0,0],[101531,0,0,0],[101625,3,281,0]],"altAnim":null,"bpm":280,"changeBPM":false,"mustHitSection":true},{"lengthInSteps":16,"typeOfSection":0,"sectionNotes":[[102000,2,0,0],[102093,1,0,0],[102187,3,0,0],[102281,1,0,0],[102375,2,0,0],[102468,0,0,0],[102562,2,0,0],[102656,3,0,0],[102750,1,0,0],[102937,1,0,0],[103031,2,0,0],[103312,1,0,0],[103406,0,0,0],[102000,6,0,0],[102093.75,4,0,0],[102375,7,0,0],[102281.25,6,0,0],[102468.75,5,0,0],[102562.5,6,0,0],[102656.25,4,0,0],[102187.5,7,0,0],[102750,6,0,0],[102937.5,7,0,0],[103031.25,5,0,0],[103125,6,0,0],[103125,3,0,0],[103218.75,5,0,0],[103312.5,4,0,0],[103406.25,5,0,0]],"altAnim":null,"bpm":280,"changeBPM":false,"mustHitSection":false},{"lengthInSteps":16,"typeOfSection":0,"sectionNotes":[[103500,2,0,0],[103593,0,0,0],[103687,2,0,0],[103781,1,0,0],[103875,3,0,0],[103968,2,0,0],[104250,2,0,0],[104343,1,0,0],[104437,3,0,0],[104531,2,0,0],[104625,0,281,0],[103500,7,0,0],[103593.75,6,0,0],[103687.5,5,0,0],[103875,6,0,0],[103968.75,5,0,0],[104156.25,7,0,0],[104250,6,0,0],[104343.75,4,0,0],[104437.5,6,0,0],[104531.25,5,0,0],[104062.5,4,0,0],[104625,7,0,0],[104812.5,6,0,0],[104906.25,4,0,0]],"altAnim":null,"bpm":280,"changeBPM":false,"mustHitSection":false},{"lengthInSteps":16,"typeOfSection":0,"sectionNotes":[[105000,6,0],[105093,5,0],[105187,7,0],[105281,5,0],[105375,6,0],[105468,4,0],[105562,6,0],[105656,7,0],[105750,5,0],[105937,5,0],[106031,6,0],[106125,7,0],[106312,5,0],[106406,4,0],[105000,2,0,0],[105093.75,3,0,0],[105187.5,0,0,0],[105281.25,1,0,0],[105375,3,0,0],[105468.75,2,0,0],[105562.5,0,0,0],[105656.25,3,0,0],[105750,1,0,0],[105937.5,0,0,0],[106031.25,1,0,0],[106125,3,0,0],[106312.5,2,0,0],[106406.25,1,0,0]],"altAnim":null,"bpm":280,"changeBPM":false,"mustHitSection":true},{"lengthInSteps":16,"typeOfSection":0,"sectionNotes":[[106500,6,0],[106593,4,0],[106687,6,0],[106781,5,0],[106875,7,0],[106968,6,0],[107250,6,0],[107343,5,0],[107437,7,0],[107531,6,0],[106500,3,0,0],[106593.75,0,0,0],[106687.5,2,0,0],[106781.25,1,0,0],[106875,0,0,0],[107062.5,3,0,0],[106968.75,1,0,0],[107156.25,1,0,0],[107250,0,0,0],[107343.75,3,0,0],[107437.5,2,0,0],[107531.25,3,0,0],[107625,1,0,0],[107625,4,281.25,0],[107812.5,2,0,0]],"altAnim":null,"bpm":280,"changeBPM":false,"mustHitSection":true},{"lengthInSteps":16,"typeOfSection":0,"sectionNotes":[[108000,2,0,0],[108375,1,0,0],[108750,2,0,0],[108937.5,1,0,0],[109125,3,0,0],[108750,7,0,0],[108937.5,6,0,0],[109125,4,0,0]],"altAnim":null,"bpm":280,"changeBPM":false,"mustHitSection":false},{"lengthInSteps":16,"typeOfSection":0,"sectionNotes":[[110625,6,0,0],[110437.5,4,0,0],[110250,6,0,0],[109500,2,0,0],[109687.5,0,0,0],[109875,2,0,0],[110062.5,1,0,0],[110250,2,0,0],[110437.5,0,0,0],[110625,1,0,0]],"altAnim":null,"bpm":280,"changeBPM":false,"mustHitSection":false},{"lengthInSteps":16,"typeOfSection":0,"sectionNotes":[[112125,7,0,0],[111937.5,4,0,0],[111750,7,0,0],[111000,2,0,0],[111187.5,0,0,0],[111375,2,0,0],[111562.5,3,0,0],[111750,2,0,0],[111937.5,0,0,0],[112125,1,0,0],[111562.5,6,0,0],[112312.5,2,0,0]],"altAnim":null,"bpm":280,"changeBPM":false,"mustHitSection":false},{"lengthInSteps":16,"typeOfSection":0,"sectionNotes":[[112500,2,0,0],[112875,1,0,0],[113250,2,0,0],[113437.5,1,0,0],[113625,3,0,0],[113062.5,6,0,0],[113250,7,0,0],[113437.5,4,0,0],[113625,5,0,0]],"altAnim":null,"bpm":280,"changeBPM":false,"mustHitSection":false},{"lengthInSteps":16,"typeOfSection":0,"sectionNotes":[[114000,2,0],[114375,1,0],[114750,2,0],[114937.5,1,0],[115125,3,0],[114750,7,0],[114937.5,6,0],[115125,4,0]],"altAnim":null,"bpm":280,"changeBPM":false,"mustHitSection":true},{"lengthInSteps":16,"typeOfSection":0,"sectionNotes":[[116625,6,0],[116437.5,4,0],[116250,6,0],[115500,2,0],[115687.5,0,0],[115875,2,0],[116062.5,1,0],[116250,2,0],[116437.5,0,0],[116625,1,0]],"altAnim":null,"bpm":280,"changeBPM":false,"mustHitSection":true},{"lengthInSteps":16,"typeOfSection":0,"sectionNotes":[[118125,7,0],[117937.5,4,0],[117750,7,0],[117000,2,0],[117187.5,0,0],[117375,2,0],[117562.5,3,0],[117750,2,0],[117937.5,0,0],[118125,1,0],[117562.5,6,0],[118312.5,2,0]],"altAnim":null,"bpm":280,"changeBPM":false,"mustHitSection":true},{"lengthInSteps":16,"typeOfSection":0,"sectionNotes":[[118500,2,0],[118875,1,0],[119250,2,0],[119437.5,1,0],[119625,3,0],[119062.5,6,0],[119250,7,0],[119437.5,4,0],[119625,5,0]],"altAnim":null,"bpm":280,"changeBPM":false,"mustHitSection":true},{"lengthInSteps":16,"typeOfSection":0,"sectionNotes":[[120000,2,0],[120375,1,0],[120750,2,0],[120937.5,1,0],[121125,3,0],[120750,7,0],[120937.5,6,0],[121125,4,0],[120187.5,0,0,0],[120562.5,3,0,0],[121312.5,2,0,0]],"altAnim":null,"bpm":280,"changeBPM":false,"mustHitSection":false},{"lengthInSteps":16,"typeOfSection":0,"sectionNotes":[[122625,6,0],[122437.5,4,0],[122250,6,0],[121500,2,0],[121687.5,0,0],[121875,2,0],[122062.5,1,0],[122250,2,0],[122437.5,0,0],[122625,1,0],[122812.5,2,0,0]],"altAnim":null,"bpm":280,"changeBPM":false,"mustHitSection":false},{"lengthInSteps":16,"typeOfSection":0,"sectionNotes":[[124125,7,0],[123937.5,4,0],[123750,7,0],[123000,2,0],[123187.5,0,0],[123375,2,0],[123562.5,3,0],[123750,2,0],[123937.5,0,0],[124125,1,0],[123562.5,6,0],[124312.5,2,0]],"altAnim":null,"bpm":280,"changeBPM":false,"mustHitSection":false},{"lengthInSteps":16,"typeOfSection":0,"sectionNotes":[[124500,2,0],[124875,1,0],[125250,2,0],[125437.5,1,0],[125625,3,0],[125062.5,6,0],[125250,7,0],[125437.5,4,0],[125625,5,0]],"altAnim":null,"bpm":280,"changeBPM":false,"mustHitSection":false},{"lengthInSteps":16,"typeOfSection":0,"sectionNotes":[[126000,2,0],[126375,1,0],[126750,2,0],[126937.5,1,0],[127125,3,0],[126750,7,0],[126937.5,6,0],[127125,4,0],[126187.5,0,0],[126562.5,3,0],[127312.5,2,0]],"altAnim":null,"bpm":280,"changeBPM":false,"mustHitSection":true},{"lengthInSteps":16,"typeOfSection":0,"sectionNotes":[[128625,6,0],[128437.5,4,0],[128250,6,0],[127500,2,0],[127687.5,0,0],[127875,2,0],[128062.5,1,0],[128250,2,0],[128437.5,0,0],[128625,1,0],[128812.5,2,0]],"altAnim":null,"bpm":280,"changeBPM":false,"mustHitSection":true},{"lengthInSteps":16,"typeOfSection":0,"sectionNotes":[[130125,7,0],[129937.5,4,0],[129750,7,0],[129000,2,0],[129187.5,0,0],[129375,2,0],[129562.5,3,0],[129750,2,0],[129937.5,0,0],[130125,1,0],[129562.5,6,0],[130312.5,2,0]],"altAnim":null,"bpm":280,"changeBPM":false,"mustHitSection":true},{"lengthInSteps":16,"typeOfSection":0,"sectionNotes":[[130500,2,0],[130875,1,0],[131250,2,0],[131437.5,1,0],[131625,3,0],[131062.5,6,0],[131250,7,0],[131437.5,4,0],[131625,5,0]],"altAnim":null,"bpm":280,"changeBPM":false,"mustHitSection":true},{"lengthInSteps":16,"typeOfSection":0,"sectionNotes":[],"altAnim":null,"bpm":280,"changeBPM":false,"mustHitSection":true},{"lengthInSteps":16,"typeOfSection":0,"sectionNotes":[],"altAnim":null,"bpm":280,"changeBPM":false,"mustHitSection":true},{"lengthInSteps":16,"typeOfSection":0,"sectionNotes":[],"altAnim":null,"bpm":280,"changeBPM":false,"mustHitSection":false},{"lengthInSteps":16,"typeOfSection":0,"sectionNotes":[],"altAnim":null,"bpm":280,"changeBPM":false,"mustHitSection":false},{"lengthInSteps":16,"typeOfSection":0,"sectionNotes":[],"altAnim":null,"bpm":280,"changeBPM":false,"mustHitSection":false},{"lengthInSteps":16,"typeOfSection":0,"sectionNotes":[],"altAnim":null,"bpm":280,"changeBPM":false,"mustHitSection":false},{"lengthInSteps":16,"typeOfSection":0,"sectionNotes":[],"altAnim":null,"bpm":280,"changeBPM":false,"mustHitSection":false},{"lengthInSteps":16,"typeOfSection":0,"sectionNotes":[],"altAnim":null,"bpm":280,"changeBPM":false,"mustHitSection":false},{"lengthInSteps":16,"typeOfSection":0,"sectionNotes":[],"altAnim":false,"bpm":280,"changeBPM":false,"mustHitSection":true},{"sectionNotes":[],"typeOfSection":0,"lengthInSteps":16,"altAnim":false,"mustHitSection":true,"changeBPM":false,"bpm":280},{"sectionNotes":[],"typeOfSection":0,"lengthInSteps":16,"altAnim":false,"mustHitSection":true,"changeBPM":false,"bpm":280},{"lengthInSteps":16,"typeOfSection":0,"sectionNotes":[],"altAnim":false,"bpm":280,"changeBPM":false,"mustHitSection":true},{"lengthInSteps":16,"typeOfSection":0,"sectionNotes":[],"altAnim":false,"bpm":280,"changeBPM":false,"mustHitSection":true},{"lengthInSteps":16,"typeOfSection":0,"sectionNotes":[],"altAnim":false,"bpm":280,"changeBPM":false,"mustHitSection":true},{"lengthInSteps":16,"typeOfSection":0,"sectionNotes":[],"altAnim":false,"bpm":280,"changeBPM":false,"mustHitSection":true},{"lengthInSteps":16,"typeOfSection":0,"sectionNotes":[],"altAnim":false,"bpm":280,"changeBPM":false,"mustHitSection":true},{"sectionNotes":[],"typeOfSection":0,"lengthInSteps":16,"altAnim":false,"mustHitSection":true,"changeBPM":false,"bpm":280},{"lengthInSteps":16,"typeOfSection":0,"sectionNotes":[],"altAnim":false,"bpm":280,"changeBPM":false,"mustHitSection":true},{"sectionNotes":[],"typeOfSection":0,"lengthInSteps":16,"altAnim":false,"mustHitSection":true,"changeBPM":false,"bpm":160},{"lengthInSteps":16,"typeOfSection":0,"sectionNotes":[],"altAnim":false,"bpm":160,"changeBPM":false,"mustHitSection":true},{"sectionNotes":[],"typeOfSection":0,"lengthInSteps":16,"altAnim":false,"mustHitSection":true,"changeBPM":false,"bpm":160},{"sectionNotes":[],"typeOfSection":0,"lengthInSteps":16,"altAnim":false,"mustHitSection":true,"changeBPM":false,"bpm":160},{"lengthInSteps":16,"typeOfSection":0,"sectionNotes":[],"altAnim":false,"bpm":160,"changeBPM":false,"mustHitSection":true},{"sectionNotes":[],"typeOfSection":0,"lengthInSteps":16,"altAnim":false,"mustHitSection":true,"changeBPM":false,"bpm":180},{"lengthInSteps":16,"typeOfSection":0,"sectionNotes":[],"altAnim":false,"bpm":180,"changeBPM":false,"mustHitSection":true},{"lengthInSteps":16,"typeOfSection":0,"sectionNotes":[],"altAnim":false,"bpm":180,"changeBPM":false,"mustHitSection":true},{"lengthInSteps":16,"typeOfSection":0,"sectionNotes":[],"altAnim":false,"bpm":180,"changeBPM":false,"mustHitSection":true},{"lengthInSteps":16,"typeOfSection":0,"sectionNotes":[],"altAnim":false,"bpm":180,"changeBPM":false,"mustHitSection":true},{"lengthInSteps":16,"typeOfSection":0,"sectionNotes":[],"altAnim":false,"bpm":180,"changeBPM":false,"mustHitSection":true},{"sectionNotes":[],"typeOfSection":0,"lengthInSteps":16,"altAnim":false,"mustHitSection":true,"changeBPM":false,"bpm":180},{"lengthInSteps":16,"typeOfSection":0,"sectionNotes":[],"altAnim":false,"bpm":180,"changeBPM":false,"mustHitSection":true},{"sectionNotes":[],"typeOfSection":0,"lengthInSteps":16,"altAnim":false,"mustHitSection":true,"changeBPM":false,"bpm":180},{"lengthInSteps":16,"typeOfSection":0,"sectionNotes":[],"altAnim":false,"bpm":180,"changeBPM":false,"mustHitSection":true},{"lengthInSteps":16,"typeOfSection":0,"sectionNotes":[],"altAnim":false,"bpm":180,"changeBPM":false,"mustHitSection":true},{"lengthInSteps":16,"typeOfSection":0,"sectionNotes":[],"altAnim":false,"bpm":180,"changeBPM":false,"mustHitSection":true},{"lengthInSteps":16,"typeOfSection":0,"sectionNotes":[],"altAnim":false,"bpm":180,"changeBPM":false,"mustHitSection":true},{"sectionNotes":[],"typeOfSection":0,"lengthInSteps":16,"altAnim":false,"mustHitSection":true,"changeBPM":false,"bpm":180},{"lengthInSteps":16,"typeOfSection":0,"sectionNotes":[],"altAnim":false,"bpm":160,"changeBPM":false,"mustHitSection":true},{"sectionNotes":[],"typeOfSection":0,"lengthInSteps":16,"altAnim":false,"mustHitSection":true,"changeBPM":false,"bpm":160},{"lengthInSteps":16,"typeOfSection":0,"sectionNotes":[],"altAnim":false,"bpm":160,"changeBPM":false,"mustHitSection":true},{"lengthInSteps":16,"typeOfSection":0,"sectionNotes":[],"altAnim":false,"bpm":160,"changeBPM":false,"mustHitSection":true},{"lengthInSteps":16,"typeOfSection":0,"sectionNotes":[],"altAnim":false,"bpm":160,"changeBPM":false,"mustHitSection":true},{"sectionNotes":[],"typeOfSection":0,"lengthInSteps":16,"altAnim":false,"mustHitSection":true,"changeBPM":false,"bpm":160},{"sectionNotes":[],"typeOfSection":0,"lengthInSteps":16,"altAnim":false,"mustHitSection":true,"changeBPM":false,"bpm":160},{"lengthInSteps":16,"typeOfSection":0,"sectionNotes":[],"altAnim":false,"bpm":160,"changeBPM":false,"mustHitSection":true},{"sectionNotes":[],"typeOfSection":0,"lengthInSteps":16,"altAnim":false,"mustHitSection":true,"changeBPM":false,"bpm":160},{"lengthInSteps":16,"altAnim":false,"typeOfSection":0,"sectionNotes":[],"bpm":160,"changeBPM":false,"mustHitSection":true}],"player2":"sheeb","song":"Kick","stage":"fnmbg","needsVoices":true,"validScore":true,"noteStyle":"funkyArrows","bpm":160,"speed":2.8}}