<?xml version='1.0' encoding='utf-8'?>
<TextureAtlas imagePath="sheeb.png"><SubTexture name="sheeb idle0000" x="0" y="0" width="124" height="117" frameX="0" frameY="0" frameWidth="124" frameHeight="117" />
<SubTexture name="sheeb idle0001" x="124" y="0" width="124" height="117" frameX="0" frameY="0" frameWidth="124" frameHeight="117" />
<SubTexture name="sheeb idle0002" x="248" y="0" width="124" height="117" frameX="0" frameY="0" frameWidth="124" frameHeight="117" />
<SubTexture name="sheeb idle0003" x="372" y="0" width="124" height="117" frameX="0" frameY="0" frameWidth="124" frameHeight="117" />
<SubTexture name="sheeb idle0004" x="496" y="0" width="124" height="117" frameX="0" frameY="0" frameWidth="124" frameHeight="117" />
<SubTexture name="sheeb idle0005" x="0" y="117" width="124" height="117" frameX="0" frameY="0" frameWidth="124" frameHeight="117" />
<SubTexture name="sheeb idle0006" x="124" y="117" width="124" height="117" frameX="0" frameY="0" frameWidth="124" frameHeight="117" />
<SubTexture name="sheeb idle0007" x="248" y="117" width="124" height="117" frameX="0" frameY="0" frameWidth="124" frameHeight="117" />
<SubTexture name="sheeb idle0008" x="372" y="117" width="124" height="117" frameX="0" frameY="0" frameWidth="124" frameHeight="117" />
<SubTexture name="sheeb idle0009" x="496" y="117" width="124" height="117" frameX="0" frameY="0" frameWidth="124" frameHeight="117" />
<SubTexture name="sheeb idle0010" x="0" y="234" width="124" height="117" frameX="0" frameY="0" frameWidth="124" frameHeight="117" />
<SubTexture name="sheeb idle0011" x="124" y="234" width="124" height="117" frameX="0" frameY="0" frameWidth="124" frameHeight="117" />
<SubTexture name="sheeb idle0012" x="248" y="234" width="124" height="117" frameX="0" frameY="0" frameWidth="124" frameHeight="117" />
<SubTexture name="sheeb idle0013" x="372" y="234" width="124" height="117" frameX="0" frameY="0" frameWidth="124" frameHeight="117" />
<SubTexture name="sheeb idle0014" x="496" y="234" width="124" height="117" frameX="0" frameY="0" frameWidth="124" frameHeight="117" />
<SubTexture name="sheeb idle0015" x="0" y="351" width="124" height="117" frameX="0" frameY="0" frameWidth="124" frameHeight="117" />
<SubTexture name="sheeb left0000" x="124" y="351" width="124" height="117" frameX="0" frameY="0" frameWidth="124" frameHeight="117" />
<SubTexture name="sheeb left0001" x="248" y="351" width="124" height="117" frameX="0" frameY="0" frameWidth="124" frameHeight="117" />
<SubTexture name="sheeb left0002" x="372" y="351" width="124" height="117" frameX="0" frameY="0" frameWidth="124" frameHeight="117" />
<SubTexture name="sheeb down0000" x="496" y="351" width="124" height="117" frameX="0" frameY="0" frameWidth="124" frameHeight="117" />
<SubTexture name="sheeb down0001" x="0" y="468" width="124" height="117" frameX="0" frameY="0" frameWidth="124" frameHeight="117" />
<SubTexture name="sheeb down0002" x="124" y="468" width="124" height="117" frameX="0" frameY="0" frameWidth="124" frameHeight="117" />
<SubTexture name="sheeb up0000" x="248" y="468" width="124" height="117" frameX="0" frameY="0" frameWidth="124" frameHeight="117" />
<SubTexture name="sheeb up0001" x="372" y="468" width="124" height="117" frameX="0" frameY="0" frameWidth="124" frameHeight="117" />
<SubTexture name="sheeb up0002" x="496" y="468" width="124" height="117" frameX="0" frameY="0" frameWidth="124" frameHeight="117" />
<SubTexture name="sheeb right0000" x="0" y="585" width="124" height="117" frameX="0" frameY="0" frameWidth="124" frameHeight="117" />
<SubTexture name="sheeb right0001" x="124" y="585" width="124" height="117" frameX="0" frameY="0" frameWidth="124" frameHeight="117" />
<SubTexture name="sheeb right0002" x="248" y="585" width="124" height="117" frameX="0" frameY="0" frameWidth="124" frameHeight="117" />
</TextureAtlas>
