<?xml version='1.0' encoding='utf-8'?>
<TextureAtlas imagePath="alphabet.png">
<SubTexture name="#0000" x="0" y="0" width="48" height="64" frameX="0" frameY="0" frameWidth="48" frameHeight="64" />
<SubTexture name="#0001" x="0" y="0" width="48" height="64" frameX="0" frameY="0" frameWidth="48" frameHeight="64" />
<SubTexture name="#0002" x="0" y="0" width="48" height="64" frameX="0" frameY="0" frameWidth="48" frameHeight="64" />
<SubTexture name="#0003" x="0" y="0" width="48" height="64" frameX="0" frameY="0" frameWidth="48" frameHeight="64" />
<SubTexture name="$0000" x="48" y="0" width="48" height="64" frameX="0" frameY="0" frameWidth="48" frameHeight="64" />
<SubTexture name="$0001" x="48" y="0" width="48" height="64" frameX="0" frameY="0" frameWidth="48" frameHeight="64" />
<SubTexture name="$0002" x="48" y="0" width="48" height="64" frameX="0" frameY="0" frameWidth="48" frameHeight="64" />
<SubTexture name="$0003" x="48" y="0" width="48" height="64" frameX="0" frameY="0" frameWidth="48" frameHeight="64" />
<SubTexture name="%0000" x="96" y="0" width="48" height="64" frameX="0" frameY="0" frameWidth="48" frameHeight="64" />
<SubTexture name="%0001" x="96" y="0" width="48" height="64" frameX="0" frameY="0" frameWidth="48" frameHeight="64" />
<SubTexture name="%0002" x="96" y="0" width="48" height="64" frameX="0" frameY="0" frameWidth="48" frameHeight="64" />
<SubTexture name="%0003" x="96" y="0" width="48" height="64" frameX="0" frameY="0" frameWidth="48" frameHeight="64" />
<SubTexture name="(0000" x="0" y="64" width="32" height="64" frameX="0" frameY="0" frameWidth="32" frameHeight="64" />
<SubTexture name="(0001" x="0" y="64" width="32" height="64" frameX="0" frameY="0" frameWidth="32" frameHeight="64" />
<SubTexture name="(0002" x="0" y="64" width="32" height="64" frameX="0" frameY="0" frameWidth="32" frameHeight="64" />
<SubTexture name="(0003" x="0" y="64" width="32" height="64" frameX="0" frameY="0" frameWidth="32" frameHeight="64" />
<SubTexture name=")0000" x="32" y="64" width="32" height="64" frameX="0" frameY="0" frameWidth="32" frameHeight="64" />
<SubTexture name=")0001" x="32" y="64" width="32" height="64" frameX="0" frameY="0" frameWidth="32" frameHeight="64" />
<SubTexture name=")0002" x="32" y="64" width="32" height="64" frameX="0" frameY="0" frameWidth="32" frameHeight="64" />
<SubTexture name=")0003" x="32" y="64" width="32" height="64" frameX="0" frameY="0" frameWidth="32" frameHeight="64" />
<SubTexture name="*0000" x="449" y="64" width="32" height="32" frameX="0" frameY="0" frameWidth="32" frameHeight="32" />
<SubTexture name="*0001" x="449" y="64" width="32" height="32" frameX="0" frameY="0" frameWidth="32" frameHeight="32" />
<SubTexture name="*0002" x="449" y="64" width="32" height="32" frameX="0" frameY="0" frameWidth="32" frameHeight="32" />
<SubTexture name="*0003" x="449" y="64" width="32" height="32" frameX="0" frameY="0" frameWidth="32" frameHeight="32" />
<SubTexture name="+0000" x="64" y="64" width="48" height="64" frameX="0" frameY="0" frameWidth="48" frameHeight="64" />
<SubTexture name="+0001" x="64" y="64" width="48" height="64" frameX="0" frameY="0" frameWidth="48" frameHeight="64" />
<SubTexture name="+0002" x="64" y="64" width="48" height="64" frameX="0" frameY="0" frameWidth="48" frameHeight="64" />
<SubTexture name="+0003" x="64" y="64" width="48" height="64" frameX="0" frameY="0" frameWidth="48" frameHeight="64" />
<SubTexture name="-0000" x="64" y="64" width="48" height="64" frameX="0" frameY="0" frameWidth="48" frameHeight="64" />
<SubTexture name="-0001" x="64" y="64" width="48" height="64" frameX="0" frameY="0" frameWidth="48" frameHeight="64" />
<SubTexture name="-0002" x="64" y="64" width="48" height="64" frameX="0" frameY="0" frameWidth="48" frameHeight="64" />
<SubTexture name="-0003" x="64" y="64" width="48" height="64" frameX="0" frameY="0" frameWidth="48" frameHeight="64" />
<SubTexture name="00000" x="144" y="0" width="48" height="64" frameX="0" frameY="0" frameWidth="48" frameHeight="64" />
<SubTexture name="00001" x="144" y="0" width="48" height="64" frameX="0" frameY="0" frameWidth="48" frameHeight="64" />
<SubTexture name="00002" x="144" y="0" width="48" height="64" frameX="0" frameY="0" frameWidth="48" frameHeight="64" />
<SubTexture name="00003" x="144" y="0" width="48" height="64" frameX="0" frameY="0" frameWidth="48" frameHeight="64" />
<SubTexture name="10000" x="144" y="64" width="48" height="64" frameX="0" frameY="0" frameWidth="48" frameHeight="64" />
<SubTexture name="10001" x="144" y="64" width="48" height="64" frameX="0" frameY="0" frameWidth="48" frameHeight="64" />
<SubTexture name="10002" x="144" y="64" width="48" height="64" frameX="0" frameY="0" frameWidth="48" frameHeight="64" />
<SubTexture name="10003" x="144" y="64" width="48" height="64" frameX="0" frameY="0" frameWidth="48" frameHeight="64" />
<SubTexture name="20000" x="0" y="128" width="48" height="64" frameX="0" frameY="0" frameWidth="48" frameHeight="64" />
<SubTexture name="20001" x="0" y="128" width="48" height="64" frameX="0" frameY="0" frameWidth="48" frameHeight="64" />
<SubTexture name="20002" x="0" y="128" width="48" height="64" frameX="0" frameY="0" frameWidth="48" frameHeight="64" />
<SubTexture name="20003" x="0" y="128" width="48" height="64" frameX="0" frameY="0" frameWidth="48" frameHeight="64" />
<SubTexture name="30000" x="48" y="128" width="48" height="64" frameX="0" frameY="0" frameWidth="48" frameHeight="64" />
<SubTexture name="30001" x="48" y="128" width="48" height="64" frameX="0" frameY="0" frameWidth="48" frameHeight="64" />
<SubTexture name="30002" x="48" y="128" width="48" height="64" frameX="0" frameY="0" frameWidth="48" frameHeight="64" />
<SubTexture name="30003" x="48" y="128" width="48" height="64" frameX="0" frameY="0" frameWidth="48" frameHeight="64" />
<SubTexture name="40000" x="96" y="128" width="48" height="64" frameX="0" frameY="0" frameWidth="48" frameHeight="64" />
<SubTexture name="40001" x="96" y="128" width="48" height="64" frameX="0" frameY="0" frameWidth="48" frameHeight="64" />
<SubTexture name="40002" x="96" y="128" width="48" height="64" frameX="0" frameY="0" frameWidth="48" frameHeight="64" />
<SubTexture name="40003" x="96" y="128" width="48" height="64" frameX="0" frameY="0" frameWidth="48" frameHeight="64" />
<SubTexture name="50000" x="144" y="128" width="48" height="64" frameX="0" frameY="0" frameWidth="48" frameHeight="64" />
<SubTexture name="50001" x="144" y="128" width="48" height="64" frameX="0" frameY="0" frameWidth="48" frameHeight="64" />
<SubTexture name="50002" x="144" y="128" width="48" height="64" frameX="0" frameY="0" frameWidth="48" frameHeight="64" />
<SubTexture name="50003" x="144" y="128" width="48" height="64" frameX="0" frameY="0" frameWidth="48" frameHeight="64" />
<SubTexture name="60000" x="192" y="0" width="48" height="64" frameX="0" frameY="0" frameWidth="48" frameHeight="64" />
<SubTexture name="60001" x="192" y="0" width="48" height="64" frameX="0" frameY="0" frameWidth="48" frameHeight="64" />
<SubTexture name="60002" x="192" y="0" width="48" height="64" frameX="0" frameY="0" frameWidth="48" frameHeight="64" />
<SubTexture name="60003" x="192" y="0" width="48" height="64" frameX="0" frameY="0" frameWidth="48" frameHeight="64" />
<SubTexture name="70000" x="192" y="64" width="48" height="64" frameX="0" frameY="0" frameWidth="48" frameHeight="64" />
<SubTexture name="70001" x="192" y="64" width="48" height="64" frameX="0" frameY="0" frameWidth="48" frameHeight="64" />
<SubTexture name="70002" x="192" y="64" width="48" height="64" frameX="0" frameY="0" frameWidth="48" frameHeight="64" />
<SubTexture name="70003" x="192" y="64" width="48" height="64" frameX="0" frameY="0" frameWidth="48" frameHeight="64" />
<SubTexture name="80000" x="192" y="128" width="48" height="64" frameX="0" frameY="0" frameWidth="48" frameHeight="64" />
<SubTexture name="80001" x="192" y="128" width="48" height="64" frameX="0" frameY="0" frameWidth="48" frameHeight="64" />
<SubTexture name="80002" x="192" y="128" width="48" height="64" frameX="0" frameY="0" frameWidth="48" frameHeight="64" />
<SubTexture name="80003" x="192" y="128" width="48" height="64" frameX="0" frameY="0" frameWidth="48" frameHeight="64" />
<SubTexture name="90000" x="240" y="0" width="48" height="64" frameX="0" frameY="0" frameWidth="48" frameHeight="64" />
<SubTexture name="90001" x="240" y="0" width="48" height="64" frameX="0" frameY="0" frameWidth="48" frameHeight="64" />
<SubTexture name="90002" x="240" y="0" width="48" height="64" frameX="0" frameY="0" frameWidth="48" frameHeight="64" />
<SubTexture name="90003" x="240" y="0" width="48" height="64" frameX="0" frameY="0" frameWidth="48" frameHeight="64" />
<SubTexture name=":0000" x="432" y="64" width="16" height="48" frameX="0" frameY="0" frameWidth="16" frameHeight="48" />
<SubTexture name=":0001" x="432" y="64" width="16" height="48" frameX="0" frameY="0" frameWidth="16" frameHeight="48" />
<SubTexture name=":0002" x="432" y="64" width="16" height="48" frameX="0" frameY="0" frameWidth="16" frameHeight="48" />
<SubTexture name=":0003" x="432" y="64" width="16" height="48" frameX="0" frameY="0" frameWidth="16" frameHeight="48" />
<SubTexture name=";0000" x="432" y="64" width="16" height="48" frameX="0" frameY="0" frameWidth="16" frameHeight="48" />
<SubTexture name=";0001" x="432" y="64" width="16" height="48" frameX="0" frameY="0" frameWidth="16" frameHeight="48" />
<SubTexture name=";0002" x="432" y="64" width="16" height="48" frameX="0" frameY="0" frameWidth="16" frameHeight="48" />
<SubTexture name=";0003" x="432" y="64" width="16" height="48" frameX="0" frameY="0" frameWidth="16" frameHeight="48" />
<SubTexture name="&lt;0000" x="240" y="64" width="40" height="64" frameX="0" frameY="0" frameWidth="40" frameHeight="64" />
<SubTexture name="&lt;0001" x="240" y="64" width="40" height="64" frameX="0" frameY="0" frameWidth="40" frameHeight="64" />
<SubTexture name="&lt;0002" x="240" y="64" width="40" height="64" frameX="0" frameY="0" frameWidth="40" frameHeight="64" />
<SubTexture name="&lt;0003" x="240" y="64" width="40" height="64" frameX="0" frameY="0" frameWidth="40" frameHeight="64" />
<SubTexture name="=0000" x="432" y="112" width="48" height="40" frameX="0" frameY="0" frameWidth="48" frameHeight="40" />
<SubTexture name="=0001" x="432" y="112" width="48" height="40" frameX="0" frameY="0" frameWidth="48" frameHeight="40" />
<SubTexture name="=0002" x="432" y="112" width="48" height="40" frameX="0" frameY="0" frameWidth="48" frameHeight="40" />
<SubTexture name="=0003" x="432" y="112" width="48" height="40" frameX="0" frameY="0" frameWidth="48" frameHeight="40" />
<SubTexture name="&gt;0000" x="240" y="128" width="40" height="64" frameX="0" frameY="0" frameWidth="40" frameHeight="64" />
<SubTexture name="&gt;0001" x="240" y="128" width="40" height="64" frameX="0" frameY="0" frameWidth="40" frameHeight="64" />
<SubTexture name="&gt;0002" x="240" y="128" width="40" height="64" frameX="0" frameY="0" frameWidth="40" frameHeight="64" />
<SubTexture name="&gt;0003" x="240" y="128" width="40" height="64" frameX="0" frameY="0" frameWidth="40" frameHeight="64" />
<SubTexture name="@0000" x="0" y="192" width="56" height="64" frameX="0" frameY="0" frameWidth="56" frameHeight="64" />
<SubTexture name="@0001" x="0" y="192" width="56" height="64" frameX="0" frameY="0" frameWidth="56" frameHeight="64" />
<SubTexture name="@0002" x="0" y="192" width="56" height="64" frameX="0" frameY="0" frameWidth="56" frameHeight="64" />
<SubTexture name="@0003" x="0" y="192" width="56" height="64" frameX="0" frameY="0" frameWidth="56" frameHeight="64" />
<SubTexture name="A bold0000" x="56" y="192" width="48" height="64" frameX="0" frameY="0" frameWidth="48" frameHeight="64" />
<SubTexture name="A bold0001" x="56" y="192" width="48" height="64" frameX="0" frameY="0" frameWidth="48" frameHeight="64" />
<SubTexture name="A bold0002" x="56" y="192" width="48" height="64" frameX="0" frameY="0" frameWidth="48" frameHeight="64" />
<SubTexture name="A bold0003" x="56" y="192" width="48" height="64" frameX="0" frameY="0" frameWidth="48" frameHeight="64" />
<SubTexture name="A captial0000" x="56" y="192" width="48" height="64" frameX="0" frameY="0" frameWidth="48" frameHeight="64" />
<SubTexture name="A captial0001" x="56" y="192" width="48" height="64" frameX="0" frameY="0" frameWidth="48" frameHeight="64" />
<SubTexture name="A captial0002" x="56" y="192" width="48" height="64" frameX="0" frameY="0" frameWidth="48" frameHeight="64" />
<SubTexture name="A captial0003" x="56" y="192" width="48" height="64" frameX="0" frameY="0" frameWidth="48" frameHeight="64" />
<SubTexture name="B bold0000" x="104" y="192" width="48" height="64" frameX="0" frameY="0" frameWidth="48" frameHeight="64" />
<SubTexture name="B bold0001" x="104" y="192" width="48" height="64" frameX="0" frameY="0" frameWidth="48" frameHeight="64" />
<SubTexture name="B bold0002" x="104" y="192" width="48" height="64" frameX="0" frameY="0" frameWidth="48" frameHeight="64" />
<SubTexture name="B bold0003" x="104" y="192" width="48" height="64" frameX="0" frameY="0" frameWidth="48" frameHeight="64" />
<SubTexture name="B capital0000" x="104" y="192" width="48" height="64" frameX="0" frameY="0" frameWidth="48" frameHeight="64" />
<SubTexture name="B capital0001" x="104" y="192" width="48" height="64" frameX="0" frameY="0" frameWidth="48" frameHeight="64" />
<SubTexture name="B capital0002" x="104" y="192" width="48" height="64" frameX="0" frameY="0" frameWidth="48" frameHeight="64" />
<SubTexture name="B capital0003" x="104" y="192" width="48" height="64" frameX="0" frameY="0" frameWidth="48" frameHeight="64" />
<SubTexture name="C bold0000" x="152" y="192" width="48" height="64" frameX="0" frameY="0" frameWidth="48" frameHeight="64" />
<SubTexture name="C bold0001" x="152" y="192" width="48" height="64" frameX="0" frameY="0" frameWidth="48" frameHeight="64" />
<SubTexture name="C bold0002" x="152" y="192" width="48" height="64" frameX="0" frameY="0" frameWidth="48" frameHeight="64" />
<SubTexture name="C bold0003" x="152" y="192" width="48" height="64" frameX="0" frameY="0" frameWidth="48" frameHeight="64" />
<SubTexture name="C capital0000" x="152" y="192" width="48" height="64" frameX="0" frameY="0" frameWidth="48" frameHeight="64" />
<SubTexture name="C capital0001" x="152" y="192" width="48" height="64" frameX="0" frameY="0" frameWidth="48" frameHeight="64" />
<SubTexture name="C capital0002" x="152" y="192" width="48" height="64" frameX="0" frameY="0" frameWidth="48" frameHeight="64" />
<SubTexture name="C capital0003" x="152" y="192" width="48" height="64" frameX="0" frameY="0" frameWidth="48" frameHeight="64" />
<SubTexture name="D bold0000" x="200" y="192" width="48" height="64" frameX="0" frameY="0" frameWidth="48" frameHeight="64" />
<SubTexture name="D bold0001" x="200" y="192" width="48" height="64" frameX="0" frameY="0" frameWidth="48" frameHeight="64" />
<SubTexture name="D bold0002" x="200" y="192" width="48" height="64" frameX="0" frameY="0" frameWidth="48" frameHeight="64" />
<SubTexture name="D bold0003" x="200" y="192" width="48" height="64" frameX="0" frameY="0" frameWidth="48" frameHeight="64" />
<SubTexture name="D capital0000" x="200" y="192" width="48" height="64" frameX="0" frameY="0" frameWidth="48" frameHeight="64" />
<SubTexture name="D capital0001" x="200" y="192" width="48" height="64" frameX="0" frameY="0" frameWidth="48" frameHeight="64" />
<SubTexture name="D capital0002" x="200" y="192" width="48" height="64" frameX="0" frameY="0" frameWidth="48" frameHeight="64" />
<SubTexture name="D capital0003" x="200" y="192" width="48" height="64" frameX="0" frameY="0" frameWidth="48" frameHeight="64" />
<SubTexture name="E bold0000" x="288" y="0" width="48" height="64" frameX="0" frameY="0" frameWidth="48" frameHeight="64" />
<SubTexture name="E bold0001" x="288" y="0" width="48" height="64" frameX="0" frameY="0" frameWidth="48" frameHeight="64" />
<SubTexture name="E bold0002" x="288" y="0" width="48" height="64" frameX="0" frameY="0" frameWidth="48" frameHeight="64" />
<SubTexture name="E bold0003" x="288" y="0" width="48" height="64" frameX="0" frameY="0" frameWidth="48" frameHeight="64" />
<SubTexture name="E capital0000" x="288" y="0" width="48" height="64" frameX="0" frameY="0" frameWidth="48" frameHeight="64" />
<SubTexture name="E capital0001" x="288" y="0" width="48" height="64" frameX="0" frameY="0" frameWidth="48" frameHeight="64" />
<SubTexture name="E capital0002" x="288" y="0" width="48" height="64" frameX="0" frameY="0" frameWidth="48" frameHeight="64" />
<SubTexture name="E capital0003" x="288" y="0" width="48" height="64" frameX="0" frameY="0" frameWidth="48" frameHeight="64" />
<SubTexture name="F bold0000" x="288" y="64" width="48" height="64" frameX="0" frameY="0" frameWidth="48" frameHeight="64" />
<SubTexture name="F bold0001" x="288" y="64" width="48" height="64" frameX="0" frameY="0" frameWidth="48" frameHeight="64" />
<SubTexture name="F bold0002" x="288" y="64" width="48" height="64" frameX="0" frameY="0" frameWidth="48" frameHeight="64" />
<SubTexture name="F bold0003" x="288" y="64" width="48" height="64" frameX="0" frameY="0" frameWidth="48" frameHeight="64" />
<SubTexture name="F capital0000" x="288" y="64" width="48" height="64" frameX="0" frameY="0" frameWidth="48" frameHeight="64" />
<SubTexture name="F capital0001" x="288" y="64" width="48" height="64" frameX="0" frameY="0" frameWidth="48" frameHeight="64" />
<SubTexture name="F capital0002" x="288" y="64" width="48" height="64" frameX="0" frameY="0" frameWidth="48" frameHeight="64" />
<SubTexture name="F capital0003" x="288" y="64" width="48" height="64" frameX="0" frameY="0" frameWidth="48" frameHeight="64" />
<SubTexture name="G bold0000" x="288" y="128" width="48" height="64" frameX="0" frameY="0" frameWidth="48" frameHeight="64" />
<SubTexture name="G bold0001" x="288" y="128" width="48" height="64" frameX="0" frameY="0" frameWidth="48" frameHeight="64" />
<SubTexture name="G bold0002" x="288" y="128" width="48" height="64" frameX="0" frameY="0" frameWidth="48" frameHeight="64" />
<SubTexture name="G bold0003" x="288" y="128" width="48" height="64" frameX="0" frameY="0" frameWidth="48" frameHeight="64" />
<SubTexture name="G capital0000" x="288" y="128" width="48" height="64" frameX="0" frameY="0" frameWidth="48" frameHeight="64" />
<SubTexture name="G capital0001" x="288" y="128" width="48" height="64" frameX="0" frameY="0" frameWidth="48" frameHeight="64" />
<SubTexture name="G capital0002" x="288" y="128" width="48" height="64" frameX="0" frameY="0" frameWidth="48" frameHeight="64" />
<SubTexture name="G capital0003" x="288" y="128" width="48" height="64" frameX="0" frameY="0" frameWidth="48" frameHeight="64" />
<SubTexture name="H bold0000" x="288" y="192" width="48" height="64" frameX="0" frameY="0" frameWidth="48" frameHeight="64" />
<SubTexture name="H bold0001" x="288" y="192" width="48" height="64" frameX="0" frameY="0" frameWidth="48" frameHeight="64" />
<SubTexture name="H bold0002" x="288" y="192" width="48" height="64" frameX="0" frameY="0" frameWidth="48" frameHeight="64" />
<SubTexture name="H bold0003" x="288" y="192" width="48" height="64" frameX="0" frameY="0" frameWidth="48" frameHeight="64" />
<SubTexture name="H capital0000" x="288" y="192" width="48" height="64" frameX="0" frameY="0" frameWidth="48" frameHeight="64" />
<SubTexture name="H capital0001" x="288" y="192" width="48" height="64" frameX="0" frameY="0" frameWidth="48" frameHeight="64" />
<SubTexture name="H capital0002" x="288" y="192" width="48" height="64" frameX="0" frameY="0" frameWidth="48" frameHeight="64" />
<SubTexture name="H capital0003" x="288" y="192" width="48" height="64" frameX="0" frameY="0" frameWidth="48" frameHeight="64" />
<SubTexture name="I bold0000" x="112" y="64" width="32" height="64" frameX="0" frameY="0" frameWidth="32" frameHeight="64" />
<SubTexture name="I bold0001" x="112" y="64" width="32" height="64" frameX="0" frameY="0" frameWidth="32" frameHeight="64" />
<SubTexture name="I bold0002" x="112" y="64" width="32" height="64" frameX="0" frameY="0" frameWidth="32" frameHeight="64" />
<SubTexture name="I bold0003" x="112" y="64" width="32" height="64" frameX="0" frameY="0" frameWidth="32" frameHeight="64" />
<SubTexture name="I capital0000" x="112" y="64" width="32" height="64" frameX="0" frameY="0" frameWidth="32" frameHeight="64" />
<SubTexture name="I capital0001" x="112" y="64" width="32" height="64" frameX="0" frameY="0" frameWidth="32" frameHeight="64" />
<SubTexture name="I capital0002" x="112" y="64" width="32" height="64" frameX="0" frameY="0" frameWidth="32" frameHeight="64" />
<SubTexture name="I capital0003" x="112" y="64" width="32" height="64" frameX="0" frameY="0" frameWidth="32" frameHeight="64" />
<SubTexture name="J bold0000" x="0" y="256" width="48" height="64" frameX="0" frameY="0" frameWidth="48" frameHeight="64" />
<SubTexture name="J bold0001" x="0" y="256" width="48" height="64" frameX="0" frameY="0" frameWidth="48" frameHeight="64" />
<SubTexture name="J bold0002" x="0" y="256" width="48" height="64" frameX="0" frameY="0" frameWidth="48" frameHeight="64" />
<SubTexture name="J bold0003" x="0" y="256" width="48" height="64" frameX="0" frameY="0" frameWidth="48" frameHeight="64" />
<SubTexture name="J captial0000" x="0" y="256" width="48" height="64" frameX="0" frameY="0" frameWidth="48" frameHeight="64" />
<SubTexture name="J captial0001" x="0" y="256" width="48" height="64" frameX="0" frameY="0" frameWidth="48" frameHeight="64" />
<SubTexture name="J captial0002" x="0" y="256" width="48" height="64" frameX="0" frameY="0" frameWidth="48" frameHeight="64" />
<SubTexture name="J captial0003" x="0" y="256" width="48" height="64" frameX="0" frameY="0" frameWidth="48" frameHeight="64" />
<SubTexture name="K bold0000" x="48" y="256" width="48" height="64" frameX="0" frameY="0" frameWidth="48" frameHeight="64" />
<SubTexture name="K bold0001" x="48" y="256" width="48" height="64" frameX="0" frameY="0" frameWidth="48" frameHeight="64" />
<SubTexture name="K bold0002" x="48" y="256" width="48" height="64" frameX="0" frameY="0" frameWidth="48" frameHeight="64" />
<SubTexture name="K bold0003" x="48" y="256" width="48" height="64" frameX="0" frameY="0" frameWidth="48" frameHeight="64" />
<SubTexture name="K capital0000" x="48" y="256" width="48" height="64" frameX="0" frameY="0" frameWidth="48" frameHeight="64" />
<SubTexture name="K capital0001" x="48" y="256" width="48" height="64" frameX="0" frameY="0" frameWidth="48" frameHeight="64" />
<SubTexture name="K capital0002" x="48" y="256" width="48" height="64" frameX="0" frameY="0" frameWidth="48" frameHeight="64" />
<SubTexture name="K capital0003" x="48" y="256" width="48" height="64" frameX="0" frameY="0" frameWidth="48" frameHeight="64" />
<SubTexture name="L bold0000" x="96" y="256" width="48" height="64" frameX="0" frameY="0" frameWidth="48" frameHeight="64" />
<SubTexture name="L bold0001" x="96" y="256" width="48" height="64" frameX="0" frameY="0" frameWidth="48" frameHeight="64" />
<SubTexture name="L bold0002" x="96" y="256" width="48" height="64" frameX="0" frameY="0" frameWidth="48" frameHeight="64" />
<SubTexture name="L bold0003" x="96" y="256" width="48" height="64" frameX="0" frameY="0" frameWidth="48" frameHeight="64" />
<SubTexture name="L capital0000" x="96" y="256" width="48" height="64" frameX="0" frameY="0" frameWidth="48" frameHeight="64" />
<SubTexture name="L capital0001" x="96" y="256" width="48" height="64" frameX="0" frameY="0" frameWidth="48" frameHeight="64" />
<SubTexture name="L capital0002" x="96" y="256" width="48" height="64" frameX="0" frameY="0" frameWidth="48" frameHeight="64" />
<SubTexture name="L capital0003" x="96" y="256" width="48" height="64" frameX="0" frameY="0" frameWidth="48" frameHeight="64" />
<SubTexture name="M bold0000" x="144" y="256" width="48" height="64" frameX="0" frameY="0" frameWidth="48" frameHeight="64" />
<SubTexture name="M bold0001" x="144" y="256" width="48" height="64" frameX="0" frameY="0" frameWidth="48" frameHeight="64" />
<SubTexture name="M bold0002" x="144" y="256" width="48" height="64" frameX="0" frameY="0" frameWidth="48" frameHeight="64" />
<SubTexture name="M bold0003" x="144" y="256" width="48" height="64" frameX="0" frameY="0" frameWidth="48" frameHeight="64" />
<SubTexture name="M capital0000" x="144" y="256" width="48" height="64" frameX="0" frameY="0" frameWidth="48" frameHeight="64" />
<SubTexture name="M capital0001" x="144" y="256" width="48" height="64" frameX="0" frameY="0" frameWidth="48" frameHeight="64" />
<SubTexture name="M capital0002" x="144" y="256" width="48" height="64" frameX="0" frameY="0" frameWidth="48" frameHeight="64" />
<SubTexture name="M capital0003" x="144" y="256" width="48" height="64" frameX="0" frameY="0" frameWidth="48" frameHeight="64" />
<SubTexture name="N bold0000" x="192" y="256" width="48" height="64" frameX="0" frameY="0" frameWidth="48" frameHeight="64" />
<SubTexture name="N bold0001" x="192" y="256" width="48" height="64" frameX="0" frameY="0" frameWidth="48" frameHeight="64" />
<SubTexture name="N bold0002" x="192" y="256" width="48" height="64" frameX="0" frameY="0" frameWidth="48" frameHeight="64" />
<SubTexture name="N bold0003" x="192" y="256" width="48" height="64" frameX="0" frameY="0" frameWidth="48" frameHeight="64" />
<SubTexture name="N capital0000" x="192" y="256" width="48" height="64" frameX="0" frameY="0" frameWidth="48" frameHeight="64" />
<SubTexture name="N capital0001" x="192" y="256" width="48" height="64" frameX="0" frameY="0" frameWidth="48" frameHeight="64" />
<SubTexture name="N capital0002" x="192" y="256" width="48" height="64" frameX="0" frameY="0" frameWidth="48" frameHeight="64" />
<SubTexture name="N capital0003" x="192" y="256" width="48" height="64" frameX="0" frameY="0" frameWidth="48" frameHeight="64" />
<SubTexture name="O bold0000" x="240" y="256" width="48" height="64" frameX="0" frameY="0" frameWidth="48" frameHeight="64" />
<SubTexture name="O bold0001" x="240" y="256" width="48" height="64" frameX="0" frameY="0" frameWidth="48" frameHeight="64" />
<SubTexture name="O bold0002" x="240" y="256" width="48" height="64" frameX="0" frameY="0" frameWidth="48" frameHeight="64" />
<SubTexture name="O bold0003" x="240" y="256" width="48" height="64" frameX="0" frameY="0" frameWidth="48" frameHeight="64" />
<SubTexture name="O capital0000" x="240" y="256" width="48" height="64" frameX="0" frameY="0" frameWidth="48" frameHeight="64" />
<SubTexture name="O capital0001" x="240" y="256" width="48" height="64" frameX="0" frameY="0" frameWidth="48" frameHeight="64" />
<SubTexture name="O capital0002" x="240" y="256" width="48" height="64" frameX="0" frameY="0" frameWidth="48" frameHeight="64" />
<SubTexture name="O capital0003" x="240" y="256" width="48" height="64" frameX="0" frameY="0" frameWidth="48" frameHeight="64" />
<SubTexture name="P bold0000" x="288" y="256" width="48" height="64" frameX="0" frameY="0" frameWidth="48" frameHeight="64" />
<SubTexture name="P bold0001" x="288" y="256" width="48" height="64" frameX="0" frameY="0" frameWidth="48" frameHeight="64" />
<SubTexture name="P bold0002" x="288" y="256" width="48" height="64" frameX="0" frameY="0" frameWidth="48" frameHeight="64" />
<SubTexture name="P bold0003" x="288" y="256" width="48" height="64" frameX="0" frameY="0" frameWidth="48" frameHeight="64" />
<SubTexture name="P capital0000" x="288" y="256" width="48" height="64" frameX="0" frameY="0" frameWidth="48" frameHeight="64" />
<SubTexture name="P capital0001" x="288" y="256" width="48" height="64" frameX="0" frameY="0" frameWidth="48" frameHeight="64" />
<SubTexture name="P capital0002" x="288" y="256" width="48" height="64" frameX="0" frameY="0" frameWidth="48" frameHeight="64" />
<SubTexture name="P capital0003" x="288" y="256" width="48" height="64" frameX="0" frameY="0" frameWidth="48" frameHeight="64" />
<SubTexture name="Q bold0000" x="336" y="0" width="48" height="64" frameX="0" frameY="0" frameWidth="48" frameHeight="64" />
<SubTexture name="Q bold0001" x="336" y="0" width="48" height="64" frameX="0" frameY="0" frameWidth="48" frameHeight="64" />
<SubTexture name="Q bold0002" x="336" y="0" width="48" height="64" frameX="0" frameY="0" frameWidth="48" frameHeight="64" />
<SubTexture name="Q bold0003" x="336" y="0" width="48" height="64" frameX="0" frameY="0" frameWidth="48" frameHeight="64" />
<SubTexture name="Q capital0000" x="336" y="0" width="48" height="64" frameX="0" frameY="0" frameWidth="48" frameHeight="64" />
<SubTexture name="Q capital0001" x="336" y="0" width="48" height="64" frameX="0" frameY="0" frameWidth="48" frameHeight="64" />
<SubTexture name="Q capital0002" x="336" y="0" width="48" height="64" frameX="0" frameY="0" frameWidth="48" frameHeight="64" />
<SubTexture name="Q capital0003" x="336" y="0" width="48" height="64" frameX="0" frameY="0" frameWidth="48" frameHeight="64" />
<SubTexture name="R bold0000" x="336" y="64" width="48" height="64" frameX="0" frameY="0" frameWidth="48" frameHeight="64" />
<SubTexture name="R bold0001" x="336" y="64" width="48" height="64" frameX="0" frameY="0" frameWidth="48" frameHeight="64" />
<SubTexture name="R bold0002" x="336" y="64" width="48" height="64" frameX="0" frameY="0" frameWidth="48" frameHeight="64" />
<SubTexture name="R bold0003" x="336" y="64" width="48" height="64" frameX="0" frameY="0" frameWidth="48" frameHeight="64" />
<SubTexture name="R capital0000" x="336" y="64" width="48" height="64" frameX="0" frameY="0" frameWidth="48" frameHeight="64" />
<SubTexture name="R capital0001" x="336" y="64" width="48" height="64" frameX="0" frameY="0" frameWidth="48" frameHeight="64" />
<SubTexture name="R capital0002" x="336" y="64" width="48" height="64" frameX="0" frameY="0" frameWidth="48" frameHeight="64" />
<SubTexture name="R capital0003" x="336" y="64" width="48" height="64" frameX="0" frameY="0" frameWidth="48" frameHeight="64" />
<SubTexture name="S bold0000" x="64" y="64" width="48" height="64" frameX="0" frameY="0" frameWidth="48" frameHeight="64" />
<SubTexture name="S bold0001" x="64" y="64" width="48" height="64" frameX="0" frameY="0" frameWidth="48" frameHeight="64" />
<SubTexture name="S bold0002" x="64" y="64" width="48" height="64" frameX="0" frameY="0" frameWidth="48" frameHeight="64" />
<SubTexture name="S bold0003" x="64" y="64" width="48" height="64" frameX="0" frameY="0" frameWidth="48" frameHeight="64" />
<SubTexture name="S capital0000" x="64" y="64" width="48" height="64" frameX="0" frameY="0" frameWidth="48" frameHeight="64" />
<SubTexture name="S capital0001" x="64" y="64" width="48" height="64" frameX="0" frameY="0" frameWidth="48" frameHeight="64" />
<SubTexture name="S capital0002" x="64" y="64" width="48" height="64" frameX="0" frameY="0" frameWidth="48" frameHeight="64" />
<SubTexture name="S capital0003" x="64" y="64" width="48" height="64" frameX="0" frameY="0" frameWidth="48" frameHeight="64" />
<SubTexture name="T bold0000" x="336" y="128" width="48" height="64" frameX="0" frameY="0" frameWidth="48" frameHeight="64" />
<SubTexture name="T bold0001" x="336" y="128" width="48" height="64" frameX="0" frameY="0" frameWidth="48" frameHeight="64" />
<SubTexture name="T bold0002" x="336" y="128" width="48" height="64" frameX="0" frameY="0" frameWidth="48" frameHeight="64" />
<SubTexture name="T bold0003" x="336" y="128" width="48" height="64" frameX="0" frameY="0" frameWidth="48" frameHeight="64" />
<SubTexture name="T capital0000" x="336" y="128" width="48" height="64" frameX="0" frameY="0" frameWidth="48" frameHeight="64" />
<SubTexture name="T capital0001" x="336" y="128" width="48" height="64" frameX="0" frameY="0" frameWidth="48" frameHeight="64" />
<SubTexture name="T capital0002" x="336" y="128" width="48" height="64" frameX="0" frameY="0" frameWidth="48" frameHeight="64" />
<SubTexture name="T capital0003" x="336" y="128" width="48" height="64" frameX="0" frameY="0" frameWidth="48" frameHeight="64" />
<SubTexture name="U bold0000" x="336" y="192" width="48" height="64" frameX="0" frameY="0" frameWidth="48" frameHeight="64" />
<SubTexture name="U bold0001" x="336" y="192" width="48" height="64" frameX="0" frameY="0" frameWidth="48" frameHeight="64" />
<SubTexture name="U bold0002" x="336" y="192" width="48" height="64" frameX="0" frameY="0" frameWidth="48" frameHeight="64" />
<SubTexture name="U bold0003" x="336" y="192" width="48" height="64" frameX="0" frameY="0" frameWidth="48" frameHeight="64" />
<SubTexture name="U capital0000" x="336" y="192" width="48" height="64" frameX="0" frameY="0" frameWidth="48" frameHeight="64" />
<SubTexture name="U capital0001" x="336" y="192" width="48" height="64" frameX="0" frameY="0" frameWidth="48" frameHeight="64" />
<SubTexture name="U capital0002" x="336" y="192" width="48" height="64" frameX="0" frameY="0" frameWidth="48" frameHeight="64" />
<SubTexture name="U capital0003" x="336" y="192" width="48" height="64" frameX="0" frameY="0" frameWidth="48" frameHeight="64" />
<SubTexture name="V bold0000" x="336" y="256" width="48" height="64" frameX="0" frameY="0" frameWidth="48" frameHeight="64" />
<SubTexture name="V bold0001" x="336" y="256" width="48" height="64" frameX="0" frameY="0" frameWidth="48" frameHeight="64" />
<SubTexture name="V bold0002" x="336" y="256" width="48" height="64" frameX="0" frameY="0" frameWidth="48" frameHeight="64" />
<SubTexture name="V bold0003" x="336" y="256" width="48" height="64" frameX="0" frameY="0" frameWidth="48" frameHeight="64" />
<SubTexture name="V capital0000" x="336" y="256" width="48" height="64" frameX="0" frameY="0" frameWidth="48" frameHeight="64" />
<SubTexture name="V capital0001" x="336" y="256" width="48" height="64" frameX="0" frameY="0" frameWidth="48" frameHeight="64" />
<SubTexture name="V capital0002" x="336" y="256" width="48" height="64" frameX="0" frameY="0" frameWidth="48" frameHeight="64" />
<SubTexture name="V capital0003" x="336" y="256" width="48" height="64" frameX="0" frameY="0" frameWidth="48" frameHeight="64" />
<SubTexture name="W bold0000" x="0" y="320" width="48" height="64" frameX="0" frameY="0" frameWidth="48" frameHeight="64" />
<SubTexture name="W bold0001" x="0" y="320" width="48" height="64" frameX="0" frameY="0" frameWidth="48" frameHeight="64" />
<SubTexture name="W bold0002" x="0" y="320" width="48" height="64" frameX="0" frameY="0" frameWidth="48" frameHeight="64" />
<SubTexture name="W bold0003" x="0" y="320" width="48" height="64" frameX="0" frameY="0" frameWidth="48" frameHeight="64" />
<SubTexture name="W capital0000" x="0" y="320" width="48" height="64" frameX="0" frameY="0" frameWidth="48" frameHeight="64" />
<SubTexture name="W capital0001" x="0" y="320" width="48" height="64" frameX="0" frameY="0" frameWidth="48" frameHeight="64" />
<SubTexture name="W capital0002" x="0" y="320" width="48" height="64" frameX="0" frameY="0" frameWidth="48" frameHeight="64" />
<SubTexture name="W capital0003" x="0" y="320" width="48" height="64" frameX="0" frameY="0" frameWidth="48" frameHeight="64" />
<SubTexture name="X bold0000" x="48" y="320" width="48" height="64" frameX="0" frameY="0" frameWidth="48" frameHeight="64" />
<SubTexture name="X bold0001" x="48" y="320" width="48" height="64" frameX="0" frameY="0" frameWidth="48" frameHeight="64" />
<SubTexture name="X bold0002" x="48" y="320" width="48" height="64" frameX="0" frameY="0" frameWidth="48" frameHeight="64" />
<SubTexture name="X bold0003" x="48" y="320" width="48" height="64" frameX="0" frameY="0" frameWidth="48" frameHeight="64" />
<SubTexture name="X capital0000" x="48" y="320" width="48" height="64" frameX="0" frameY="0" frameWidth="48" frameHeight="64" />
<SubTexture name="X capital0001" x="48" y="320" width="48" height="64" frameX="0" frameY="0" frameWidth="48" frameHeight="64" />
<SubTexture name="X capital0002" x="48" y="320" width="48" height="64" frameX="0" frameY="0" frameWidth="48" frameHeight="64" />
<SubTexture name="X capital0003" x="48" y="320" width="48" height="64" frameX="0" frameY="0" frameWidth="48" frameHeight="64" />
<SubTexture name="Y bold0000" x="96" y="320" width="48" height="64" frameX="0" frameY="0" frameWidth="48" frameHeight="64" />
<SubTexture name="Y bold0001" x="96" y="320" width="48" height="64" frameX="0" frameY="0" frameWidth="48" frameHeight="64" />
<SubTexture name="Y bold0002" x="96" y="320" width="48" height="64" frameX="0" frameY="0" frameWidth="48" frameHeight="64" />
<SubTexture name="Y bold0003" x="96" y="320" width="48" height="64" frameX="0" frameY="0" frameWidth="48" frameHeight="64" />
<SubTexture name="Y capital0000" x="96" y="320" width="48" height="64" frameX="0" frameY="0" frameWidth="48" frameHeight="64" />
<SubTexture name="Y capital0001" x="96" y="320" width="48" height="64" frameX="0" frameY="0" frameWidth="48" frameHeight="64" />
<SubTexture name="Y capital0002" x="96" y="320" width="48" height="64" frameX="0" frameY="0" frameWidth="48" frameHeight="64" />
<SubTexture name="Y capital0003" x="96" y="320" width="48" height="64" frameX="0" frameY="0" frameWidth="48" frameHeight="64" />
<SubTexture name="Z bold0000" x="144" y="320" width="48" height="64" frameX="0" frameY="0" frameWidth="48" frameHeight="64" />
<SubTexture name="Z bold0001" x="144" y="320" width="48" height="64" frameX="0" frameY="0" frameWidth="48" frameHeight="64" />
<SubTexture name="Z bold0002" x="144" y="320" width="48" height="64" frameX="0" frameY="0" frameWidth="48" frameHeight="64" />
<SubTexture name="Z bold0003" x="144" y="320" width="48" height="64" frameX="0" frameY="0" frameWidth="48" frameHeight="64" />
<SubTexture name="Z capital0000" x="144" y="320" width="48" height="64" frameX="0" frameY="0" frameWidth="48" frameHeight="64" />
<SubTexture name="Z capital0001" x="144" y="320" width="48" height="64" frameX="0" frameY="0" frameWidth="48" frameHeight="64" />
<SubTexture name="Z capital0002" x="144" y="320" width="48" height="64" frameX="0" frameY="0" frameWidth="48" frameHeight="64" />
<SubTexture name="Z capital0003" x="144" y="320" width="48" height="64" frameX="0" frameY="0" frameWidth="48" frameHeight="64" />
<SubTexture name="[0000" x="248" y="192" width="32" height="64" frameX="0" frameY="0" frameWidth="32" frameHeight="64" />
<SubTexture name="[0001" x="248" y="192" width="32" height="64" frameX="0" frameY="0" frameWidth="32" frameHeight="64" />
<SubTexture name="[0002" x="248" y="192" width="32" height="64" frameX="0" frameY="0" frameWidth="32" frameHeight="64" />
<SubTexture name="[0003" x="248" y="192" width="32" height="64" frameX="0" frameY="0" frameWidth="32" frameHeight="64" />
<SubTexture name="\0000" x="192" y="320" width="48" height="64" frameX="0" frameY="0" frameWidth="48" frameHeight="64" />
<SubTexture name="\0001" x="192" y="320" width="48" height="64" frameX="0" frameY="0" frameWidth="48" frameHeight="64" />
<SubTexture name="\0002" x="64" y="64" width="48" height="64" frameX="0" frameY="0" frameWidth="48" frameHeight="64" />
<SubTexture name="\0003" x="64" y="64" width="48" height="64" frameX="0" frameY="0" frameWidth="48" frameHeight="64" />
<SubTexture name="]0000" x="240" y="320" width="32" height="64" frameX="0" frameY="0" frameWidth="32" frameHeight="64" />
<SubTexture name="]0001" x="240" y="320" width="32" height="64" frameX="0" frameY="0" frameWidth="32" frameHeight="64" />
<SubTexture name="]0002" x="240" y="320" width="32" height="64" frameX="0" frameY="0" frameWidth="32" frameHeight="64" />
<SubTexture name="]0003" x="240" y="320" width="32" height="64" frameX="0" frameY="0" frameWidth="32" frameHeight="64" />
<SubTexture name="^0000" x="432" y="152" width="48" height="32" frameX="0" frameY="0" frameWidth="48" frameHeight="32" />
<SubTexture name="^0001" x="432" y="152" width="48" height="32" frameX="0" frameY="0" frameWidth="48" frameHeight="32" />
<SubTexture name="^0002" x="432" y="152" width="48" height="32" frameX="0" frameY="0" frameWidth="48" frameHeight="32" />
<SubTexture name="^0003" x="432" y="152" width="48" height="32" frameX="0" frameY="0" frameWidth="48" frameHeight="32" />
<SubTexture name="_0000" x="432" y="208" width="48" height="16" frameX="0" frameY="0" frameWidth="48" frameHeight="16" />
<SubTexture name="_0001" x="432" y="208" width="48" height="16" frameX="0" frameY="0" frameWidth="48" frameHeight="16" />
<SubTexture name="_0002" x="432" y="208" width="48" height="16" frameX="0" frameY="0" frameWidth="48" frameHeight="16" />
<SubTexture name="_0003" x="432" y="208" width="48" height="16" frameX="0" frameY="0" frameWidth="48" frameHeight="16" />
<SubTexture name="a lowercase0000" x="56" y="192" width="48" height="64" frameX="0" frameY="0" frameWidth="48" frameHeight="64" />
<SubTexture name="a lowercase0001" x="56" y="192" width="48" height="64" frameX="0" frameY="0" frameWidth="48" frameHeight="64" />
<SubTexture name="a lowercase0002" x="56" y="192" width="48" height="64" frameX="0" frameY="0" frameWidth="48" frameHeight="64" />
<SubTexture name="a lowercase0003" x="56" y="192" width="48" height="64" frameX="0" frameY="0" frameWidth="48" frameHeight="64" />
<SubTexture name="angry faic0000" x="64" y="64" width="48" height="64" frameX="0" frameY="0" frameWidth="48" frameHeight="64" />
<SubTexture name="angry faic0001" x="64" y="64" width="48" height="64" frameX="0" frameY="0" frameWidth="48" frameHeight="64" />
<SubTexture name="angry faic0002" x="64" y="64" width="48" height="64" frameX="0" frameY="0" frameWidth="48" frameHeight="64" />
<SubTexture name="angry faic0003" x="64" y="64" width="48" height="64" frameX="0" frameY="0" frameWidth="48" frameHeight="64" />
<SubTexture name="apostraphie0000" x="432" y="184" width="16" height="24" frameX="0" frameY="0" frameWidth="16" frameHeight="24" />
<SubTexture name="apostraphie0001" x="432" y="184" width="16" height="24" frameX="0" frameY="0" frameWidth="16" frameHeight="24" />
<SubTexture name="apostraphie0002" x="432" y="184" width="16" height="24" frameX="0" frameY="0" frameWidth="16" frameHeight="24" />
<SubTexture name="apostraphie0003" x="432" y="184" width="16" height="24" frameX="0" frameY="0" frameWidth="16" frameHeight="24" />
<SubTexture name="b  lowercase0000" x="64" y="64" width="48" height="64" frameX="0" frameY="0" frameWidth="48" frameHeight="64" />
<SubTexture name="b  lowercase0001" x="64" y="64" width="48" height="64" frameX="0" frameY="0" frameWidth="48" frameHeight="64" />
<SubTexture name="b  lowercase0002" x="64" y="64" width="48" height="64" frameX="0" frameY="0" frameWidth="48" frameHeight="64" />
<SubTexture name="b  lowercase0003" x="64" y="64" width="48" height="64" frameX="0" frameY="0" frameWidth="48" frameHeight="64" />
<SubTexture name="c  lowercase0000" x="272" y="320" width="48" height="64" frameX="0" frameY="0" frameWidth="48" frameHeight="64" />
<SubTexture name="c  lowercase0001" x="272" y="320" width="48" height="64" frameX="0" frameY="0" frameWidth="48" frameHeight="64" />
<SubTexture name="c  lowercase0002" x="272" y="320" width="48" height="64" frameX="0" frameY="0" frameWidth="48" frameHeight="64" />
<SubTexture name="c  lowercase0003" x="272" y="320" width="48" height="64" frameX="0" frameY="0" frameWidth="48" frameHeight="64" />
<SubTexture name="comma0000" x="448" y="184" width="16" height="24" frameX="0" frameY="0" frameWidth="16" frameHeight="24" />
<SubTexture name="comma0001" x="448" y="184" width="16" height="24" frameX="0" frameY="0" frameWidth="16" frameHeight="24" />
<SubTexture name="comma0002" x="448" y="184" width="16" height="24" frameX="0" frameY="0" frameWidth="16" frameHeight="24" />
<SubTexture name="comma0003" x="448" y="184" width="16" height="24" frameX="0" frameY="0" frameWidth="16" frameHeight="24" />
<SubTexture name="d  lowercase0000" x="272" y="320" width="48" height="64" frameX="0" frameY="0" frameWidth="48" frameHeight="64" />
<SubTexture name="d  lowercase0001" x="272" y="320" width="48" height="64" frameX="0" frameY="0" frameWidth="48" frameHeight="64" />
<SubTexture name="d  lowercase0002" x="64" y="64" width="48" height="64" frameX="0" frameY="0" frameWidth="48" frameHeight="64" />
<SubTexture name="d  lowercase0003" x="64" y="64" width="48" height="64" frameX="0" frameY="0" frameWidth="48" frameHeight="64" />
<SubTexture name="down arrow0000" x="64" y="64" width="48" height="64" frameX="0" frameY="0" frameWidth="48" frameHeight="64" />
<SubTexture name="down arrow0001" x="64" y="64" width="48" height="64" frameX="0" frameY="0" frameWidth="48" frameHeight="64" />
<SubTexture name="down arrow0002" x="64" y="64" width="48" height="64" frameX="0" frameY="0" frameWidth="48" frameHeight="64" />
<SubTexture name="down arrow0003" x="64" y="64" width="48" height="64" frameX="0" frameY="0" frameWidth="48" frameHeight="64" />
<SubTexture name="e  lowercase0000" x="272" y="320" width="48" height="64" frameX="0" frameY="0" frameWidth="48" frameHeight="64" />
<SubTexture name="e  lowercase0001" x="272" y="320" width="48" height="64" frameX="0" frameY="0" frameWidth="48" frameHeight="64" />
<SubTexture name="e  lowercase0002" x="272" y="320" width="48" height="64" frameX="0" frameY="0" frameWidth="48" frameHeight="64" />
<SubTexture name="e  lowercase0003" x="272" y="320" width="48" height="64" frameX="0" frameY="0" frameWidth="48" frameHeight="64" />
<SubTexture name="end parentheses0000" x="64" y="64" width="48" height="64" frameX="0" frameY="0" frameWidth="48" frameHeight="64" />
<SubTexture name="end parentheses0001" x="64" y="64" width="48" height="64" frameX="0" frameY="0" frameWidth="48" frameHeight="64" />
<SubTexture name="end parentheses0002" x="64" y="64" width="48" height="64" frameX="0" frameY="0" frameWidth="48" frameHeight="64" />
<SubTexture name="end parentheses0003" x="64" y="64" width="48" height="64" frameX="0" frameY="0" frameWidth="48" frameHeight="64" />
<SubTexture name="exclamation point0000" x="320" y="320" width="16" height="64" frameX="0" frameY="0" frameWidth="16" frameHeight="64" />
<SubTexture name="exclamation point0001" x="320" y="320" width="16" height="64" frameX="0" frameY="0" frameWidth="16" frameHeight="64" />
<SubTexture name="exclamation point0002" x="320" y="320" width="16" height="64" frameX="0" frameY="0" frameWidth="16" frameHeight="64" />
<SubTexture name="exclamation point0003" x="320" y="320" width="16" height="64" frameX="0" frameY="0" frameWidth="16" frameHeight="64" />
<SubTexture name="f  lowercase0000" x="64" y="64" width="48" height="64" frameX="0" frameY="0" frameWidth="48" frameHeight="64" />
<SubTexture name="f  lowercase0001" x="64" y="64" width="48" height="64" frameX="0" frameY="0" frameWidth="48" frameHeight="64" />
<SubTexture name="f  lowercase0002" x="64" y="64" width="48" height="64" frameX="0" frameY="0" frameWidth="48" frameHeight="64" />
<SubTexture name="f  lowercase0003" x="64" y="64" width="48" height="64" frameX="0" frameY="0" frameWidth="48" frameHeight="64" />
<SubTexture name="forward slash0000" x="336" y="320" width="48" height="64" frameX="0" frameY="0" frameWidth="48" frameHeight="64" />
<SubTexture name="forward slash0001" x="336" y="320" width="48" height="64" frameX="0" frameY="0" frameWidth="48" frameHeight="64" />
<SubTexture name="forward slash0002" x="384" y="0" width="48" height="64" frameX="0" frameY="0" frameWidth="48" frameHeight="64" />
<SubTexture name="forward slash0003" x="384" y="0" width="48" height="64" frameX="0" frameY="0" frameWidth="48" frameHeight="64" />
<SubTexture name="g  lowercase0000" x="384" y="64" width="48" height="64" frameX="0" frameY="0" frameWidth="48" frameHeight="64" />
<SubTexture name="g  lowercase0001" x="384" y="64" width="48" height="64" frameX="0" frameY="0" frameWidth="48" frameHeight="64" />
<SubTexture name="g  lowercase0002" x="384" y="128" width="48" height="64" frameX="0" frameY="0" frameWidth="48" frameHeight="64" />
<SubTexture name="g  lowercase0003" x="384" y="128" width="48" height="64" frameX="0" frameY="0" frameWidth="48" frameHeight="64" />
<SubTexture name="h  lowercase0000" x="64" y="64" width="48" height="64" frameX="0" frameY="0" frameWidth="48" frameHeight="64" />
<SubTexture name="h  lowercase0001" x="64" y="64" width="48" height="64" frameX="0" frameY="0" frameWidth="48" frameHeight="64" />
<SubTexture name="h  lowercase0002" x="64" y="64" width="48" height="64" frameX="0" frameY="0" frameWidth="48" frameHeight="64" />
<SubTexture name="h  lowercase0003" x="64" y="64" width="48" height="64" frameX="0" frameY="0" frameWidth="48" frameHeight="64" />
<SubTexture name="heart0000" x="64" y="64" width="48" height="64" frameX="0" frameY="0" frameWidth="48" frameHeight="64" />
<SubTexture name="heart0001" x="64" y="64" width="48" height="64" frameX="0" frameY="0" frameWidth="48" frameHeight="64" />
<SubTexture name="heart0002" x="64" y="64" width="48" height="64" frameX="0" frameY="0" frameWidth="48" frameHeight="64" />
<SubTexture name="heart0003" x="64" y="64" width="48" height="64" frameX="0" frameY="0" frameWidth="48" frameHeight="64" />
<SubTexture name="i  lowercase0000" x="64" y="64" width="48" height="64" frameX="0" frameY="0" frameWidth="48" frameHeight="64" />
<SubTexture name="i  lowercase0001" x="64" y="64" width="48" height="64" frameX="0" frameY="0" frameWidth="48" frameHeight="64" />
<SubTexture name="i  lowercase0002" x="384" y="64" width="48" height="64" frameX="0" frameY="0" frameWidth="48" frameHeight="64" />
<SubTexture name="i  lowercase0003" x="384" y="64" width="48" height="64" frameX="0" frameY="0" frameWidth="48" frameHeight="64" />
<SubTexture name="j  lowercase0000" x="0" y="256" width="48" height="64" frameX="0" frameY="0" frameWidth="48" frameHeight="64" />
<SubTexture name="j  lowercase0001" x="0" y="256" width="48" height="64" frameX="0" frameY="0" frameWidth="48" frameHeight="64" />
<SubTexture name="j  lowercase0002" x="0" y="256" width="48" height="64" frameX="0" frameY="0" frameWidth="48" frameHeight="64" />
<SubTexture name="j  lowercase0003" x="0" y="256" width="48" height="64" frameX="0" frameY="0" frameWidth="48" frameHeight="64" />
<SubTexture name="k  lowercase0000" x="64" y="64" width="48" height="64" frameX="0" frameY="0" frameWidth="48" frameHeight="64" />
<SubTexture name="k  lowercase0001" x="64" y="64" width="48" height="64" frameX="0" frameY="0" frameWidth="48" frameHeight="64" />
<SubTexture name="k  lowercase0002" x="272" y="320" width="48" height="64" frameX="0" frameY="0" frameWidth="48" frameHeight="64" />
<SubTexture name="k  lowercase0003" x="272" y="320" width="48" height="64" frameX="0" frameY="0" frameWidth="48" frameHeight="64" />
<SubTexture name="l  lowercase0000" x="64" y="64" width="48" height="64" frameX="0" frameY="0" frameWidth="48" frameHeight="64" />
<SubTexture name="l  lowercase0001" x="64" y="64" width="48" height="64" frameX="0" frameY="0" frameWidth="48" frameHeight="64" />
<SubTexture name="l  lowercase0002" x="64" y="64" width="48" height="64" frameX="0" frameY="0" frameWidth="48" frameHeight="64" />
<SubTexture name="l  lowercase0003" x="64" y="64" width="48" height="64" frameX="0" frameY="0" frameWidth="48" frameHeight="64" />
<SubTexture name="left arrow0000" x="64" y="64" width="48" height="64" frameX="0" frameY="0" frameWidth="48" frameHeight="64" />
<SubTexture name="left arrow0001" x="64" y="64" width="48" height="64" frameX="0" frameY="0" frameWidth="48" frameHeight="64" />
<SubTexture name="left arrow0002" x="272" y="320" width="48" height="64" frameX="0" frameY="0" frameWidth="48" frameHeight="64" />
<SubTexture name="left arrow0003" x="272" y="320" width="48" height="64" frameX="0" frameY="0" frameWidth="48" frameHeight="64" />
<SubTexture name="m  lowercase0000" x="64" y="64" width="48" height="64" frameX="0" frameY="0" frameWidth="48" frameHeight="64" />
<SubTexture name="m  lowercase0001" x="64" y="64" width="48" height="64" frameX="0" frameY="0" frameWidth="48" frameHeight="64" />
<SubTexture name="m  lowercase0002" x="64" y="64" width="48" height="64" frameX="0" frameY="0" frameWidth="48" frameHeight="64" />
<SubTexture name="m  lowercase0003" x="64" y="64" width="48" height="64" frameX="0" frameY="0" frameWidth="48" frameHeight="64" />
<SubTexture name="multiply x0000" x="64" y="64" width="48" height="64" frameX="0" frameY="0" frameWidth="48" frameHeight="64" />
<SubTexture name="multiply x0001" x="64" y="64" width="48" height="64" frameX="0" frameY="0" frameWidth="48" frameHeight="64" />
<SubTexture name="multiply x0002" x="384" y="0" width="48" height="64" frameX="0" frameY="0" frameWidth="48" frameHeight="64" />
<SubTexture name="multiply x0003" x="384" y="0" width="48" height="64" frameX="0" frameY="0" frameWidth="48" frameHeight="64" />
<SubTexture name="n lowercase0000" x="272" y="320" width="48" height="64" frameX="0" frameY="0" frameWidth="48" frameHeight="64" />
<SubTexture name="n lowercase0001" x="272" y="320" width="48" height="64" frameX="0" frameY="0" frameWidth="48" frameHeight="64" />
<SubTexture name="n lowercase0002" x="272" y="320" width="48" height="64" frameX="0" frameY="0" frameWidth="48" frameHeight="64" />
<SubTexture name="n lowercase0003" x="272" y="320" width="48" height="64" frameX="0" frameY="0" frameWidth="48" frameHeight="64" />
<SubTexture name="o  lowercase0000" x="64" y="64" width="48" height="64" frameX="0" frameY="0" frameWidth="48" frameHeight="64" />
<SubTexture name="o  lowercase0001" x="64" y="64" width="48" height="64" frameX="0" frameY="0" frameWidth="48" frameHeight="64" />
<SubTexture name="o  lowercase0002" x="64" y="64" width="48" height="64" frameX="0" frameY="0" frameWidth="48" frameHeight="64" />
<SubTexture name="o  lowercase0003" x="64" y="64" width="48" height="64" frameX="0" frameY="0" frameWidth="48" frameHeight="64" />
<SubTexture name="p  lowercase0000" x="64" y="64" width="48" height="64" frameX="0" frameY="0" frameWidth="48" frameHeight="64" />
<SubTexture name="p  lowercase0001" x="64" y="64" width="48" height="64" frameX="0" frameY="0" frameWidth="48" frameHeight="64" />
<SubTexture name="p  lowercase0002" x="64" y="64" width="48" height="64" frameX="0" frameY="0" frameWidth="48" frameHeight="64" />
<SubTexture name="p  lowercase0003" x="64" y="64" width="48" height="64" frameX="0" frameY="0" frameWidth="48" frameHeight="64" />
<SubTexture name="period0000" x="449" y="96" width="16" height="16" frameX="0" frameY="0" frameWidth="16" frameHeight="16" />
<SubTexture name="period0001" x="449" y="96" width="16" height="16" frameX="0" frameY="0" frameWidth="16" frameHeight="16" />
<SubTexture name="period0002" x="449" y="96" width="16" height="16" frameX="0" frameY="0" frameWidth="16" frameHeight="16" />
<SubTexture name="period0003" x="449" y="96" width="16" height="16" frameX="0" frameY="0" frameWidth="16" frameHeight="16" />
<SubTexture name="q  lowercase0000" x="64" y="64" width="48" height="64" frameX="0" frameY="0" frameWidth="48" frameHeight="64" />
<SubTexture name="q  lowercase0001" x="64" y="64" width="48" height="64" frameX="0" frameY="0" frameWidth="48" frameHeight="64" />
<SubTexture name="q  lowercase0002" x="272" y="320" width="48" height="64" frameX="0" frameY="0" frameWidth="48" frameHeight="64" />
<SubTexture name="q  lowercase0003" x="272" y="320" width="48" height="64" frameX="0" frameY="0" frameWidth="48" frameHeight="64" />
<SubTexture name="question mark0000" x="384" y="192" width="48" height="64" frameX="0" frameY="0" frameWidth="48" frameHeight="64" />
<SubTexture name="question mark0001" x="384" y="192" width="48" height="64" frameX="0" frameY="0" frameWidth="48" frameHeight="64" />
<SubTexture name="question mark0002" x="384" y="192" width="48" height="64" frameX="0" frameY="0" frameWidth="48" frameHeight="64" />
<SubTexture name="question mark0003" x="384" y="192" width="48" height="64" frameX="0" frameY="0" frameWidth="48" frameHeight="64" />
<SubTexture name="r  lowercase0000" x="272" y="320" width="48" height="64" frameX="0" frameY="0" frameWidth="48" frameHeight="64" />
<SubTexture name="r  lowercase0001" x="272" y="320" width="48" height="64" frameX="0" frameY="0" frameWidth="48" frameHeight="64" />
<SubTexture name="r  lowercase0002" x="272" y="320" width="48" height="64" frameX="0" frameY="0" frameWidth="48" frameHeight="64" />
<SubTexture name="r  lowercase0003" x="272" y="320" width="48" height="64" frameX="0" frameY="0" frameWidth="48" frameHeight="64" />
<SubTexture name="red on model box0000" x="64" y="64" width="48" height="64" frameX="0" frameY="0" frameWidth="48" frameHeight="64" />
<SubTexture name="right arrow0000" x="384" y="64" width="48" height="64" frameX="0" frameY="0" frameWidth="48" frameHeight="64" />
<SubTexture name="right arrow0001" x="384" y="64" width="48" height="64" frameX="0" frameY="0" frameWidth="48" frameHeight="64" />
<SubTexture name="right arrow0002" x="64" y="64" width="48" height="64" frameX="0" frameY="0" frameWidth="48" frameHeight="64" />
<SubTexture name="right arrow0003" x="64" y="64" width="48" height="64" frameX="0" frameY="0" frameWidth="48" frameHeight="64" />
<SubTexture name="s  lowercase0000" x="64" y="64" width="48" height="64" frameX="0" frameY="0" frameWidth="48" frameHeight="64" />
<SubTexture name="s  lowercase0001" x="64" y="64" width="48" height="64" frameX="0" frameY="0" frameWidth="48" frameHeight="64" />
<SubTexture name="s  lowercase0002" x="384" y="256" width="48" height="64" frameX="0" frameY="0" frameWidth="48" frameHeight="64" />
<SubTexture name="s  lowercase0003" x="384" y="256" width="48" height="64" frameX="0" frameY="0" frameWidth="48" frameHeight="64" />
<SubTexture name="space0000" x="481" y="64" width="1" height="1" frameX="0" frameY="0" frameWidth="1" frameHeight="1" />
<SubTexture name="space0001" x="481" y="64" width="1" height="1" frameX="0" frameY="0" frameWidth="1" frameHeight="1" />
<SubTexture name="space0002" x="481" y="64" width="1" height="1" frameX="0" frameY="0" frameWidth="1" frameHeight="1" />
<SubTexture name="space0003" x="481" y="64" width="1" height="1" frameX="0" frameY="0" frameWidth="1" frameHeight="1" />
<SubTexture name="start parentheses0000" x="64" y="64" width="48" height="64" frameX="0" frameY="0" frameWidth="48" frameHeight="64" />
<SubTexture name="start parentheses0001" x="64" y="64" width="48" height="64" frameX="0" frameY="0" frameWidth="48" frameHeight="64" />
<SubTexture name="start parentheses0002" x="64" y="64" width="48" height="64" frameX="0" frameY="0" frameWidth="48" frameHeight="64" />
<SubTexture name="start parentheses0003" x="64" y="64" width="48" height="64" frameX="0" frameY="0" frameWidth="48" frameHeight="64" />
<SubTexture name="t  lowercase0000" x="64" y="64" width="48" height="64" frameX="0" frameY="0" frameWidth="48" frameHeight="64" />
<SubTexture name="t  lowercase0001" x="64" y="64" width="48" height="64" frameX="0" frameY="0" frameWidth="48" frameHeight="64" />
<SubTexture name="t  lowercase0002" x="64" y="64" width="48" height="64" frameX="0" frameY="0" frameWidth="48" frameHeight="64" />
<SubTexture name="t  lowercase0003" x="64" y="64" width="48" height="64" frameX="0" frameY="0" frameWidth="48" frameHeight="64" />
<SubTexture name="u  lowercase0000" x="448" y="64" width="1" height="48" frameX="0" frameY="-8" frameWidth="48" frameHeight="64" />
<SubTexture name="u  lowercase0001" x="448" y="64" width="1" height="48" frameX="0" frameY="0" frameWidth="48" frameHeight="64" />
<SubTexture name="u  lowercase0002" x="64" y="64" width="48" height="64" frameX="0" frameY="0" frameWidth="48" frameHeight="64" />
<SubTexture name="u  lowercase0003" x="64" y="64" width="48" height="64" frameX="0" frameY="0" frameWidth="48" frameHeight="64" />
<SubTexture name="up arrow0000" x="64" y="64" width="48" height="64" frameX="0" frameY="0" frameWidth="48" frameHeight="64" />
<SubTexture name="up arrow0001" x="64" y="64" width="48" height="64" frameX="0" frameY="0" frameWidth="48" frameHeight="64" />
<SubTexture name="up arrow0002" x="272" y="320" width="48" height="64" frameX="0" frameY="0" frameWidth="48" frameHeight="64" />
<SubTexture name="up arrow0003" x="272" y="320" width="48" height="64" frameX="0" frameY="0" frameWidth="48" frameHeight="64" />
<SubTexture name="v  lowercase0000" x="64" y="64" width="48" height="64" frameX="0" frameY="0" frameWidth="48" frameHeight="64" />
<SubTexture name="v  lowercase0001" x="64" y="64" width="48" height="64" frameX="0" frameY="0" frameWidth="48" frameHeight="64" />
<SubTexture name="v  lowercase0002" x="64" y="64" width="48" height="64" frameX="0" frameY="0" frameWidth="48" frameHeight="64" />
<SubTexture name="v  lowercase0003" x="64" y="64" width="48" height="64" frameX="0" frameY="0" frameWidth="48" frameHeight="64" />
<SubTexture name="w  lowercase0000" x="272" y="320" width="48" height="64" frameX="0" frameY="0" frameWidth="48" frameHeight="64" />
<SubTexture name="w  lowercase0001" x="272" y="320" width="48" height="64" frameX="0" frameY="0" frameWidth="48" frameHeight="64" />
<SubTexture name="w  lowercase0002" x="272" y="320" width="48" height="64" frameX="0" frameY="0" frameWidth="48" frameHeight="64" />
<SubTexture name="w  lowercase0003" x="272" y="320" width="48" height="64" frameX="0" frameY="0" frameWidth="48" frameHeight="64" />
<SubTexture name="x  lowercase0000" x="272" y="320" width="48" height="64" frameX="0" frameY="0" frameWidth="48" frameHeight="64" />
<SubTexture name="x  lowercase0001" x="272" y="320" width="48" height="64" frameX="0" frameY="0" frameWidth="48" frameHeight="64" />
<SubTexture name="x  lowercase0002" x="64" y="64" width="48" height="64" frameX="0" frameY="0" frameWidth="48" frameHeight="64" />
<SubTexture name="x  lowercase0003" x="64" y="64" width="48" height="64" frameX="0" frameY="0" frameWidth="48" frameHeight="64" />
<SubTexture name="y  lowercase0000" x="384" y="64" width="48" height="64" frameX="0" frameY="0" frameWidth="48" frameHeight="64" />
<SubTexture name="y  lowercase0001" x="384" y="64" width="48" height="64" frameX="0" frameY="0" frameWidth="48" frameHeight="64" />
<SubTexture name="y  lowercase0002" x="272" y="320" width="48" height="64" frameX="0" frameY="0" frameWidth="48" frameHeight="64" />
<SubTexture name="y  lowercase0003" x="272" y="320" width="48" height="64" frameX="0" frameY="0" frameWidth="48" frameHeight="64" />
<SubTexture name="z  lowercase0000" x="64" y="64" width="48" height="64" frameX="0" frameY="0" frameWidth="48" frameHeight="64" />
<SubTexture name="z  lowercase0001" x="64" y="64" width="48" height="64" frameX="0" frameY="0" frameWidth="48" frameHeight="64" />
<SubTexture name="z  lowercase0002" x="272" y="320" width="48" height="64" frameX="0" frameY="0" frameWidth="48" frameHeight="64" />
<SubTexture name="z  lowercase0003" x="272" y="320" width="48" height="64" frameX="0" frameY="0" frameWidth="48" frameHeight="64" />
<SubTexture name="|0000" x="384" y="320" width="16" height="64" frameX="0" frameY="0" frameWidth="16" frameHeight="64" />
<SubTexture name="|0001" x="384" y="320" width="16" height="64" frameX="0" frameY="0" frameWidth="16" frameHeight="64" />
<SubTexture name="|0002" x="384" y="320" width="16" height="64" frameX="0" frameY="0" frameWidth="16" frameHeight="64" />
<SubTexture name="|0003" x="384" y="320" width="16" height="64" frameX="0" frameY="0" frameWidth="16" frameHeight="64" />
<SubTexture name="~0000" x="432" y="0" width="56" height="64" frameX="0" frameY="0" frameWidth="56" frameHeight="64" />
<SubTexture name="~0001" x="432" y="0" width="56" height="64" frameX="0" frameY="0" frameWidth="56" frameHeight="64" />
<SubTexture name="~0002" x="432" y="0" width="56" height="64" frameX="0" frameY="0" frameWidth="56" frameHeight="64" />
<SubTexture name="~0003" x="432" y="0" width="56" height="64" frameX="0" frameY="0" frameWidth="56" frameHeight="64" />
</TextureAtlas>
