<?xml version='1.0' encoding='utf-8'?>
<TextureAtlas imagePath="FNF_main_menu_assets.png">
<SubTexture name="story mode basic0000" x="0" y="0" width="423" height="53" frameX="0" frameY="0" frameWidth="423" frameHeight="53" />
<SubTexture name="story mode white0000" x="0" y="0" width="423" height="53" frameX="0" frameY="0" frameWidth="423" frameHeight="53" />
<SubTexture name="freeplay basic0000" x="0" y="53" width="423" height="53" frameX="0" frameY="0" frameWidth="423" frameHeight="53" />
<SubTexture name="freeplay white0000" x="0" y="106" width="423" height="53" frameX="0" frameY="0" frameWidth="423" frameHeight="53" />
<SubTexture name="options basic0000" x="0" y="159" width="207" height="53" frameX="0" frameY="0" frameWidth="207" frameHeight="53" />
<SubTexture name="options white0000" x="207" y="159" width="207" height="53" frameX="0" frameY="0" frameWidth="207" frameHeight="53" />
<SubTexture name="quit basic0000" x="0" y="212" width="207" height="53" frameX="0" frameY="0" frameWidth="207" frameHeight="53" />
<SubTexture name="quit white0000" x="207" y="212" width="207" height="53" frameX="0" frameY="0" frameWidth="207" frameHeight="53" />
<SubTexture name="credits basic0000" x="0" y="265" width="53" height="53" frameX="0" frameY="0" frameWidth="53" frameHeight="53" />
<SubTexture name="credits white0000" x="53" y="265" width="53" height="53" frameX="0" frameY="0" frameWidth="53" frameHeight="53" />
<SubTexture name="ouh basic0000" x="106" y="265" width="53" height="53" frameX="0" frameY="0" frameWidth="53" frameHeight="53" />
<SubTexture name="ouh white0000" x="159" y="265" width="53" height="53" frameX="0" frameY="0" frameWidth="53" frameHeight="53" />
<SubTexture name="secret basic0000" x="212" y="265" width="53" height="53" frameX="0" frameY="0" frameWidth="53" frameHeight="53" />
<SubTexture name="secret white0000" x="265" y="265" width="53" height="53" frameX="0" frameY="0" frameWidth="53" frameHeight="53" />
<SubTexture name="bonus basic0000" x="0" y="318" width="423" height="53" frameX="0" frameY="0" frameWidth="423" frameHeight="53" />
<SubTexture name="bonus white0000" x="423" y="0" width="423" height="53" frameX="0" frameY="0" frameWidth="423" frameHeight="53" />
<SubTexture name="bonus songs basic0000" x="423" y="53" width="423" height="53" frameX="0" frameY="0" frameWidth="423" frameHeight="53" />
<SubTexture name="bonus songs white0000" x="423" y="106" width="423" height="53" frameX="0" frameY="0" frameWidth="423" frameHeight="53" />
<SubTexture name="other songs basic0000" x="423" y="159" width="423" height="53" frameX="0" frameY="0" frameWidth="423" frameHeight="53" />
<SubTexture name="other songs white0000" x="423" y="159" width="423" height="53" frameX="0" frameY="0" frameWidth="423" frameHeight="53" />
</TextureAtlas>
