﻿<?xml version="1.0" encoding="utf-8"?>
<TextureAtlas imagePath="gfChristmas.png">
	<!-- Created with Adobe Animate version 20.0.0.17400 -->
	<!-- http://www.adobe.com/products/animate.html -->
	<SubTexture name="GF Cheer0000" x="0" y="0" width="817" height="724"/>
	<SubTexture name="GF Cheer0001" x="827" y="0" width="817" height="724"/>
	<SubTexture name="GF Cheer0002" x="1654" y="0" width="817" height="721" frameX="0" frameY="-3" frameWidth="817" frameHeight="724"/>
	<SubTexture name="GF Cheer0003" x="2481" y="0" width="817" height="721" frameX="0" frameY="-3" frameWidth="817" frameHeight="724"/>
	<SubTexture name="GF Cheer0004" x="3308" y="0" width="817" height="721" frameX="0" frameY="-3" frameWidth="817" frameHeight="724"/>
	<SubTexture name="GF Cheer0005" x="4135" y="0" width="817" height="721" frameX="0" frameY="-3" frameWidth="817" frameHeight="724"/>
	<SubTexture name="GF Cheer0006" x="4962" y="0" width="817" height="721" frameX="0" frameY="-3" frameWidth="817" frameHeight="724"/>
	<SubTexture name="GF Cheer0007" x="5789" y="0" width="817" height="721" frameX="0" frameY="-3" frameWidth="817" frameHeight="724"/>
	<SubTexture name="GF Cheer0008" x="5789" y="0" width="817" height="721" frameX="0" frameY="-3" frameWidth="817" frameHeight="724"/>
	<SubTexture name="GF Cheer0009" x="5789" y="0" width="817" height="721" frameX="0" frameY="-3" frameWidth="817" frameHeight="724"/>
	<SubTexture name="GF Cheer0010" x="5789" y="0" width="817" height="721" frameX="0" frameY="-3" frameWidth="817" frameHeight="724"/>
	<SubTexture name="GF Cheer0011" x="5789" y="0" width="817" height="721" frameX="0" frameY="-3" frameWidth="817" frameHeight="724"/>
	<SubTexture name="GF Cheer0012" x="5789" y="0" width="817" height="721" frameX="0" frameY="-3" frameWidth="817" frameHeight="724"/>
	<SubTexture name="GF Cheer0013" x="5789" y="0" width="817" height="721" frameX="0" frameY="-3" frameWidth="817" frameHeight="724"/>
	<SubTexture name="GF Cheer0014" x="5789" y="0" width="817" height="721" frameX="0" frameY="-3" frameWidth="817" frameHeight="724"/>
	<SubTexture name="GF Cheer0015" x="5789" y="0" width="817" height="721" frameX="0" frameY="-3" frameWidth="817" frameHeight="724"/>
	<SubTexture name="GF Cheer0016" x="5789" y="0" width="817" height="721" frameX="0" frameY="-3" frameWidth="817" frameHeight="724"/>
	<SubTexture name="GF Cheer0017" x="5789" y="0" width="817" height="721" frameX="0" frameY="-3" frameWidth="817" frameHeight="724"/>
	<SubTexture name="GF Cheer0018" x="5789" y="0" width="817" height="721" frameX="0" frameY="-3" frameWidth="817" frameHeight="724"/>
	<SubTexture name="GF Cheer0019" x="5789" y="0" width="817" height="721" frameX="0" frameY="-3" frameWidth="817" frameHeight="724"/>
	<SubTexture name="GF Cheer0020" x="5789" y="0" width="817" height="721" frameX="0" frameY="-3" frameWidth="817" frameHeight="724"/>
	<SubTexture name="GF Dancing Beat0000" x="6616" y="0" width="817" height="701" frameX="0" frameY="-14" frameWidth="817" frameHeight="715"/>
	<SubTexture name="GF Dancing Beat0001" x="0" y="734" width="817" height="701" frameX="0" frameY="-14" frameWidth="817" frameHeight="715"/>
	<SubTexture name="GF Dancing Beat0002" x="827" y="734" width="817" height="699" frameX="0" frameY="-16" frameWidth="817" frameHeight="715"/>
	<SubTexture name="GF Dancing Beat0003" x="1654" y="734" width="817" height="699" frameX="0" frameY="-16" frameWidth="817" frameHeight="715"/>
	<SubTexture name="GF Dancing Beat0004" x="2481" y="734" width="817" height="702" frameX="0" frameY="-13" frameWidth="817" frameHeight="715"/>
	<SubTexture name="GF Dancing Beat0005" x="3308" y="734" width="817" height="702" frameX="0" frameY="-13" frameWidth="817" frameHeight="715"/>
	<SubTexture name="GF Dancing Beat0006" x="4135" y="734" width="817" height="704" frameX="0" frameY="-11" frameWidth="817" frameHeight="715"/>
	<SubTexture name="GF Dancing Beat0007" x="4962" y="734" width="817" height="715"/>
	<SubTexture name="GF Dancing Beat0008" x="4962" y="734" width="817" height="715"/>
	<SubTexture name="GF Dancing Beat0009" x="4962" y="734" width="817" height="715"/>
	<SubTexture name="GF Dancing Beat0010" x="5789" y="734" width="817" height="715"/>
	<SubTexture name="GF Dancing Beat0011" x="5789" y="734" width="817" height="715"/>
	<SubTexture name="GF Dancing Beat0012" x="5789" y="734" width="817" height="715"/>
	<SubTexture name="GF Dancing Beat0013" x="6616" y="734" width="817" height="715"/>
	<SubTexture name="GF Dancing Beat0014" x="6616" y="734" width="817" height="715"/>
	<SubTexture name="GF Dancing Beat0015" x="0" y="1459" width="817" height="703" frameX="0" frameY="-12" frameWidth="817" frameHeight="715"/>
	<SubTexture name="GF Dancing Beat0016" x="827" y="1459" width="817" height="703" frameX="0" frameY="-12" frameWidth="817" frameHeight="715"/>
	<SubTexture name="GF Dancing Beat0017" x="1654" y="1459" width="817" height="703" frameX="0" frameY="-12" frameWidth="817" frameHeight="715"/>
	<SubTexture name="GF Dancing Beat0018" x="2481" y="1459" width="817" height="703" frameX="0" frameY="-12" frameWidth="817" frameHeight="715"/>
	<SubTexture name="GF Dancing Beat0019" x="3308" y="1459" width="817" height="704" frameX="0" frameY="-11" frameWidth="817" frameHeight="715"/>
	<SubTexture name="GF Dancing Beat0020" x="4135" y="1459" width="817" height="704" frameX="0" frameY="-11" frameWidth="817" frameHeight="715"/>
	<SubTexture name="GF Dancing Beat0021" x="4962" y="1459" width="817" height="705" frameX="0" frameY="-10" frameWidth="817" frameHeight="715"/>
	<SubTexture name="GF Dancing Beat0022" x="5789" y="1459" width="817" height="710" frameX="0" frameY="-5" frameWidth="817" frameHeight="715"/>
	<SubTexture name="GF Dancing Beat0023" x="5789" y="1459" width="817" height="710" frameX="0" frameY="-5" frameWidth="817" frameHeight="715"/>
	<SubTexture name="GF Dancing Beat0024" x="5789" y="1459" width="817" height="710" frameX="0" frameY="-5" frameWidth="817" frameHeight="715"/>
	<SubTexture name="GF Dancing Beat0025" x="6616" y="1459" width="817" height="709" frameX="0" frameY="-6" frameWidth="817" frameHeight="715"/>
	<SubTexture name="GF Dancing Beat0026" x="6616" y="1459" width="817" height="709" frameX="0" frameY="-6" frameWidth="817" frameHeight="715"/>
	<SubTexture name="GF Dancing Beat0027" x="6616" y="1459" width="817" height="709" frameX="0" frameY="-6" frameWidth="817" frameHeight="715"/>
	<SubTexture name="GF Dancing Beat0028" x="0" y="2179" width="817" height="709" frameX="0" frameY="-6" frameWidth="817" frameHeight="715"/>
	<SubTexture name="GF Dancing Beat0029" x="0" y="2179" width="817" height="709" frameX="0" frameY="-6" frameWidth="817" frameHeight="715"/>
	<SubTexture name="GF Dancing Beat Hair Landing0000" x="827" y="2179" width="817" height="702" frameX="0" frameY="-13" frameWidth="817" frameHeight="715"/>
	<SubTexture name="GF Dancing Beat Hair Landing0001" x="1654" y="2179" width="817" height="702" frameX="0" frameY="-13" frameWidth="817" frameHeight="715"/>
	<SubTexture name="GF Dancing Beat Hair Landing0002" x="2481" y="2179" width="817" height="686" frameX="0" frameY="-29" frameWidth="817" frameHeight="715"/>
	<SubTexture name="GF Dancing Beat Hair Landing0003" x="3308" y="2179" width="817" height="686" frameX="0" frameY="-29" frameWidth="817" frameHeight="715"/>
	<SubTexture name="GF Dancing Beat Hair Landing0004" x="4135" y="2179" width="817" height="674" frameX="0" frameY="-41" frameWidth="817" frameHeight="715"/>
	<SubTexture name="GF Dancing Beat Hair Landing0005" x="4962" y="2179" width="817" height="674" frameX="0" frameY="-41" frameWidth="817" frameHeight="715"/>
	<SubTexture name="GF Dancing Beat Hair Landing0006" x="5789" y="2179" width="817" height="693" frameX="0" frameY="-22" frameWidth="817" frameHeight="715"/>
	<SubTexture name="GF Dancing Beat Hair Landing0007" x="4962" y="734" width="817" height="715"/>
	<SubTexture name="GF Dancing Beat Hair Landing0008" x="4962" y="734" width="817" height="715"/>
	<SubTexture name="GF Dancing Beat Hair Landing0009" x="4962" y="734" width="817" height="715"/>
	<SubTexture name="GF Dancing Beat Hair Landing0010" x="5789" y="734" width="817" height="715"/>
	<SubTexture name="GF Dancing Beat Hair Landing0011" x="5789" y="734" width="817" height="715"/>
	<SubTexture name="GF Dancing Beat Hair Landing0012" x="5789" y="734" width="817" height="715"/>
	<SubTexture name="GF Dancing Beat Hair Landing0013" x="6616" y="734" width="817" height="715"/>
	<SubTexture name="GF Dancing Beat Hair Landing0014" x="6616" y="734" width="817" height="715"/>
	<SubTexture name="GF Dancing Beat Hair Landing0015" x="0" y="1459" width="817" height="703" frameX="0" frameY="-12" frameWidth="817" frameHeight="715"/>
	<SubTexture name="GF Dancing Beat Hair Landing0016" x="827" y="1459" width="817" height="703" frameX="0" frameY="-12" frameWidth="817" frameHeight="715"/>
	<SubTexture name="GF Dancing Beat Hair Landing0017" x="1654" y="1459" width="817" height="703" frameX="0" frameY="-12" frameWidth="817" frameHeight="715"/>
	<SubTexture name="GF Dancing Beat Hair Landing0018" x="2481" y="1459" width="817" height="703" frameX="0" frameY="-12" frameWidth="817" frameHeight="715"/>
	<SubTexture name="GF Dancing Beat Hair Landing0019" x="3308" y="1459" width="817" height="704" frameX="0" frameY="-11" frameWidth="817" frameHeight="715"/>
	<SubTexture name="GF Dancing Beat Hair Landing0020" x="4135" y="1459" width="817" height="704" frameX="0" frameY="-11" frameWidth="817" frameHeight="715"/>
	<SubTexture name="GF Dancing Beat Hair Landing0021" x="4962" y="1459" width="817" height="705" frameX="0" frameY="-10" frameWidth="817" frameHeight="715"/>
	<SubTexture name="GF Dancing Beat Hair Landing0022" x="5789" y="1459" width="817" height="710" frameX="0" frameY="-5" frameWidth="817" frameHeight="715"/>
	<SubTexture name="GF Dancing Beat Hair Landing0023" x="5789" y="1459" width="817" height="710" frameX="0" frameY="-5" frameWidth="817" frameHeight="715"/>
	<SubTexture name="GF Dancing Beat Hair Landing0024" x="5789" y="1459" width="817" height="710" frameX="0" frameY="-5" frameWidth="817" frameHeight="715"/>
	<SubTexture name="GF Dancing Beat Hair Landing0025" x="6616" y="1459" width="817" height="709" frameX="0" frameY="-6" frameWidth="817" frameHeight="715"/>
	<SubTexture name="GF Dancing Beat Hair Landing0026" x="6616" y="1459" width="817" height="709" frameX="0" frameY="-6" frameWidth="817" frameHeight="715"/>
	<SubTexture name="GF Dancing Beat Hair Landing0027" x="6616" y="1459" width="817" height="709" frameX="0" frameY="-6" frameWidth="817" frameHeight="715"/>
	<SubTexture name="GF Dancing Beat Hair Landing0028" x="0" y="2179" width="817" height="709" frameX="0" frameY="-6" frameWidth="817" frameHeight="715"/>
	<SubTexture name="GF Dancing Beat Hair Landing0029" x="0" y="2179" width="817" height="709" frameX="0" frameY="-6" frameWidth="817" frameHeight="715"/>
	<SubTexture name="GF Down Note0000" x="6616" y="2179" width="817" height="698" frameX="0" frameY="-6" frameWidth="817" frameHeight="704"/>
	<SubTexture name="GF Down Note0001" x="0" y="2898" width="817" height="698" frameX="0" frameY="-6" frameWidth="817" frameHeight="704"/>
	<SubTexture name="GF Down Note0002" x="827" y="2898" width="817" height="703" frameX="0" frameY="-1" frameWidth="817" frameHeight="704"/>
	<SubTexture name="GF Down Note0003" x="1654" y="2898" width="817" height="703" frameX="0" frameY="-1" frameWidth="817" frameHeight="704"/>
	<SubTexture name="GF Down Note0004" x="2481" y="2898" width="817" height="704"/>
	<SubTexture name="GF Down Note0005" x="3308" y="2898" width="817" height="704"/>
	<SubTexture name="GF Down Note0006" x="4135" y="2898" width="817" height="704"/>
	<SubTexture name="GF Down Note0007" x="4962" y="2898" width="817" height="704"/>
	<SubTexture name="GF Down Note0008" x="4962" y="2898" width="817" height="704"/>
	<SubTexture name="GF Down Note0009" x="4962" y="2898" width="817" height="704"/>
	<SubTexture name="GF Down Note0010" x="4962" y="2898" width="817" height="704"/>
	<SubTexture name="GF Down Note0011" x="4962" y="2898" width="817" height="704"/>
	<SubTexture name="GF Down Note0012" x="4962" y="2898" width="817" height="704"/>
	<SubTexture name="GF Down Note0013" x="4962" y="2898" width="817" height="704"/>
	<SubTexture name="GF Down Note0014" x="4962" y="2898" width="817" height="704"/>
	<SubTexture name="GF Down Note0015" x="4962" y="2898" width="817" height="704"/>
	<SubTexture name="GF Down Note0016" x="4962" y="2898" width="817" height="704"/>
	<SubTexture name="GF Down Note0017" x="4962" y="2898" width="817" height="704"/>
	<SubTexture name="GF Down Note0018" x="4962" y="2898" width="817" height="704"/>
	<SubTexture name="GF Down Note0019" x="4962" y="2898" width="817" height="704"/>
	<SubTexture name="GF FEAR 0000" x="5789" y="2898" width="817" height="707"/>
	<SubTexture name="GF FEAR 0001" x="6616" y="2898" width="817" height="707"/>
	<SubTexture name="GF FEAR 0002" x="0" y="3615" width="817" height="705" frameX="0" frameY="-2" frameWidth="817" frameHeight="707"/>
	<SubTexture name="GF FEAR 0003" x="827" y="3615" width="817" height="707"/>
	<SubTexture name="GF Right Note0000" x="1654" y="3615" width="817" height="699" frameX="0" frameY="-5" frameWidth="817" frameHeight="704"/>
	<SubTexture name="GF Right Note0001" x="2481" y="3615" width="817" height="699" frameX="0" frameY="-5" frameWidth="817" frameHeight="704"/>
	<SubTexture name="GF Right Note0002" x="3308" y="3615" width="817" height="704"/>
	<SubTexture name="GF Right Note0003" x="4135" y="3615" width="817" height="704"/>
	<SubTexture name="GF Right Note0004" x="4962" y="3615" width="817" height="704"/>
	<SubTexture name="GF Right Note0005" x="5789" y="3615" width="817" height="704"/>
	<SubTexture name="GF Right Note0006" x="6616" y="3615" width="817" height="704"/>
	<SubTexture name="GF Right Note0007" x="0" y="4332" width="817" height="704"/>
	<SubTexture name="GF Right Note0008" x="827" y="4332" width="817" height="704"/>
	<SubTexture name="GF Right Note0009" x="827" y="4332" width="817" height="704"/>
	<SubTexture name="GF Right Note0010" x="827" y="4332" width="817" height="704"/>
	<SubTexture name="GF Right Note0011" x="827" y="4332" width="817" height="704"/>
	<SubTexture name="GF Right Note0012" x="827" y="4332" width="817" height="704"/>
	<SubTexture name="GF Right Note0013" x="827" y="4332" width="817" height="704"/>
	<SubTexture name="GF Right Note0014" x="827" y="4332" width="817" height="704"/>
	<SubTexture name="GF Up Note0000" x="1654" y="4332" width="817" height="728"/>
	<SubTexture name="GF Up Note0001" x="2481" y="4332" width="817" height="728"/>
	<SubTexture name="GF Up Note0002" x="3308" y="4332" width="817" height="728"/>
	<SubTexture name="GF Up Note0003" x="4135" y="4332" width="817" height="728"/>
	<SubTexture name="GF Up Note0004" x="4962" y="4332" width="817" height="728"/>
	<SubTexture name="GF Up Note0005" x="5789" y="4332" width="817" height="728"/>
	<SubTexture name="GF Up Note0006" x="6616" y="4332" width="817" height="728"/>
	<SubTexture name="GF left note0000" x="0" y="5070" width="817" height="700" frameX="0" frameY="-5" frameWidth="817" frameHeight="705"/>
	<SubTexture name="GF left note0001" x="827" y="5070" width="817" height="698" frameX="0" frameY="-7" frameWidth="817" frameHeight="705"/>
	<SubTexture name="GF left note0002" x="1654" y="5070" width="817" height="705"/>
	<SubTexture name="GF left note0003" x="2481" y="5070" width="817" height="705"/>
	<SubTexture name="GF left note0004" x="3308" y="5070" width="817" height="705"/>
	<SubTexture name="GF left note0005" x="4135" y="5070" width="817" height="705"/>
	<SubTexture name="GF left note0006" x="4962" y="5070" width="817" height="704" frameX="0" frameY="-1" frameWidth="817" frameHeight="705"/>
	<SubTexture name="GF left note0007" x="5789" y="5070" width="817" height="704" frameX="0" frameY="-1" frameWidth="817" frameHeight="705"/>
	<SubTexture name="GF left note0008" x="6616" y="5070" width="817" height="704" frameX="0" frameY="-1" frameWidth="817" frameHeight="705"/>
	<SubTexture name="GF left note0009" x="6616" y="5070" width="817" height="704" frameX="0" frameY="-1" frameWidth="817" frameHeight="705"/>
	<SubTexture name="GF left note0010" x="6616" y="5070" width="817" height="704" frameX="0" frameY="-1" frameWidth="817" frameHeight="705"/>
	<SubTexture name="GF left note0011" x="6616" y="5070" width="817" height="704" frameX="0" frameY="-1" frameWidth="817" frameHeight="705"/>
	<SubTexture name="GF left note0012" x="6616" y="5070" width="817" height="704" frameX="0" frameY="-1" frameWidth="817" frameHeight="705"/>
	<SubTexture name="GF left note0013" x="6616" y="5070" width="817" height="704" frameX="0" frameY="-1" frameWidth="817" frameHeight="705"/>
	<SubTexture name="GF left note0014" x="6616" y="5070" width="817" height="704" frameX="0" frameY="-1" frameWidth="817" frameHeight="705"/>
	<SubTexture name="gf sad0000" x="0" y="5785" width="817" height="701" frameX="0" frameY="-3" frameWidth="817" frameHeight="704"/>
	<SubTexture name="gf sad0001" x="0" y="5785" width="817" height="701" frameX="0" frameY="-3" frameWidth="817" frameHeight="704"/>
	<SubTexture name="gf sad0002" x="827" y="5785" width="817" height="704"/>
	<SubTexture name="gf sad0003" x="827" y="5785" width="817" height="704"/>
	<SubTexture name="gf sad0004" x="1654" y="5785" width="817" height="704"/>
	<SubTexture name="gf sad0005" x="1654" y="5785" width="817" height="704"/>
	<SubTexture name="gf sad0006" x="2481" y="5785" width="817" height="704"/>
	<SubTexture name="gf sad0007" x="2481" y="5785" width="817" height="704"/>
	<SubTexture name="gf sad0008" x="3308" y="5785" width="817" height="704"/>
	<SubTexture name="gf sad0009" x="3308" y="5785" width="817" height="704"/>
	<SubTexture name="gf sad0010" x="827" y="5785" width="817" height="704"/>
	<SubTexture name="gf sad0011" x="827" y="5785" width="817" height="704"/>
	<SubTexture name="gf sad0012" x="1654" y="5785" width="817" height="704"/>
	<SubTexture name="gf sad0013" x="1654" y="5785" width="817" height="704"/>
	<SubTexture name="gf sad0014" x="2481" y="5785" width="817" height="704"/>
	<SubTexture name="gf sad0015" x="2481" y="5785" width="817" height="704"/>
	<SubTexture name="gf sad0016" x="3308" y="5785" width="817" height="704"/>
	<SubTexture name="gf sad0017" x="3308" y="5785" width="817" height="704"/>
	<SubTexture name="gf sad0018" x="827" y="5785" width="817" height="704"/>
	<SubTexture name="gf sad0019" x="827" y="5785" width="817" height="704"/>
	<SubTexture name="gf sad0020" x="1654" y="5785" width="817" height="704"/>
	<SubTexture name="gf sad0021" x="1654" y="5785" width="817" height="704"/>
	<SubTexture name="gf sad0022" x="2481" y="5785" width="817" height="704"/>
	<SubTexture name="gf sad0023" x="2481" y="5785" width="817" height="704"/>
	<SubTexture name="gf sad0024" x="3308" y="5785" width="817" height="704"/>
	<SubTexture name="gf sad0025" x="3308" y="5785" width="817" height="704"/>
	<SubTexture name="gf sad0026" x="827" y="5785" width="817" height="704"/>
	<SubTexture name="gf sad0027" x="827" y="5785" width="817" height="704"/>
	<SubTexture name="gf sad0028" x="1654" y="5785" width="817" height="704"/>
	<SubTexture name="gf sad0029" x="1654" y="5785" width="817" height="704"/>
	<SubTexture name="gf sad0030" x="2481" y="5785" width="817" height="704"/>
	<SubTexture name="gf sad0031" x="2481" y="5785" width="817" height="704"/>
	<SubTexture name="gf sad0032" x="3308" y="5785" width="817" height="704"/>
	<SubTexture name="gf sad0033" x="3308" y="5785" width="817" height="704"/>
	<SubTexture name="gf sad0034" x="827" y="5785" width="817" height="704"/>
	<SubTexture name="gf sad0035" x="827" y="5785" width="817" height="704"/>
	<SubTexture name="gf sad0036" x="1654" y="5785" width="817" height="704"/>
	<SubTexture name="gf sad0037" x="1654" y="5785" width="817" height="704"/>
	<SubTexture name="gf sad0038" x="2481" y="5785" width="817" height="704"/>
	<SubTexture name="gf sad0039" x="2481" y="5785" width="817" height="704"/>
	<SubTexture name="gf sad0040" x="3308" y="5785" width="817" height="704"/>
	<SubTexture name="gf sad0041" x="3308" y="5785" width="817" height="704"/>
	<SubTexture name="gf sad0042" x="827" y="5785" width="817" height="704"/>
	<SubTexture name="gf sad0043" x="827" y="5785" width="817" height="704"/>
	<SubTexture name="gf sad0044" x="1654" y="5785" width="817" height="704"/>
	<SubTexture name="gf sad0045" x="1654" y="5785" width="817" height="704"/>
	<SubTexture name="gf sad0046" x="2481" y="5785" width="817" height="704"/>
	<SubTexture name="gf sad0047" x="2481" y="5785" width="817" height="704"/>
	<SubTexture name="gf sad0048" x="3308" y="5785" width="817" height="704"/>
	<SubTexture name="gf sad0049" x="3308" y="5785" width="817" height="704"/>
	<SubTexture name="gf sad0050" x="827" y="5785" width="817" height="704"/>
	<SubTexture name="gf sad0051" x="827" y="5785" width="817" height="704"/>
	<SubTexture name="gf sad0052" x="1654" y="5785" width="817" height="704"/>
	<SubTexture name="gf sad0053" x="1654" y="5785" width="817" height="704"/>
	<SubTexture name="gf sad0054" x="2481" y="5785" width="817" height="704"/>
	<SubTexture name="gf sad0055" x="2481" y="5785" width="817" height="704"/>
	<SubTexture name="gf sad0056" x="3308" y="5785" width="817" height="704"/>
	<SubTexture name="gf sad0057" x="3308" y="5785" width="817" height="704"/>
	<SubTexture name="gf sad0058" x="827" y="5785" width="817" height="704"/>
	<SubTexture name="gf sad0059" x="827" y="5785" width="817" height="704"/>
	<SubTexture name="gf sad0060" x="1654" y="5785" width="817" height="704"/>
	<SubTexture name="gf sad0061" x="1654" y="5785" width="817" height="704"/>
	<SubTexture name="gf sad0062" x="2481" y="5785" width="817" height="704"/>
	<SubTexture name="gf sad0063" x="2481" y="5785" width="817" height="704"/>
	<SubTexture name="gf sad0064" x="3308" y="5785" width="817" height="704"/>
	<SubTexture name="gf sad0065" x="3308" y="5785" width="817" height="704"/>
	<SubTexture name="gf sad0066" x="827" y="5785" width="817" height="704"/>
	<SubTexture name="gf sad0067" x="827" y="5785" width="817" height="704"/>
	<SubTexture name="gf sad0068" x="1654" y="5785" width="817" height="704"/>
	<SubTexture name="gf sad0069" x="1654" y="5785" width="817" height="704"/>
	<SubTexture name="gf sad0070" x="2481" y="5785" width="817" height="704"/>
	<SubTexture name="gf sad0071" x="2481" y="5785" width="817" height="704"/>
	<SubTexture name="gf sad0072" x="3308" y="5785" width="817" height="704"/>
	<SubTexture name="gf sad0073" x="3308" y="5785" width="817" height="704"/>
	<SubTexture name="gf sad0074" x="827" y="5785" width="817" height="704"/>
	<SubTexture name="gf sad0075" x="827" y="5785" width="817" height="704"/>
	<SubTexture name="gf sad0076" x="1654" y="5785" width="817" height="704"/>
	<SubTexture name="gf sad0077" x="1654" y="5785" width="817" height="704"/>
	<SubTexture name="gf sad0078" x="2481" y="5785" width="817" height="704"/>
	<SubTexture name="gf sad0079" x="2481" y="5785" width="817" height="704"/>
</TextureAtlas>
